visitor_id|first_name|last_name|email|gender|ip_address|fullName
1|Marysa|Arnull|marnull0@t.co|Female|148.118.170.117|Mrs. MarysaArnull
2|Alys|Mapledoram|amapledoram1@amazon.co.jp|Female|189.249.7.22|Mrs. AlysMapledoram
""|Pepi|Kilbourne|""|Female|84.196.181.206|Mrs. PepiKilbourne
4|Irita|Coltan|icoltan3@reddit.com|Female|103.96.233.190|Mrs. IritaColtan
5|Wilburt|Sheals|wsheals4@ebay.com|Male|51.106.36.130|Mr. WilburtSheals
6|Viviene|Ewestace|vewestace5@cnbc.com|Female|189.8.44.77|Mrs. VivieneEwestace
7|Grange|Bernhardt|gbernhardt6@nationalgeographic.com|Male|237.92.0.252|Mr. GrangeBernhardt
8|Boris|Gladdish|bgladdish7@rakuten.co.jp|Male|214.120.52.45|Mr. BorisGladdish
9|Eldon|Hamstead|ehamstead8@issuu.com|Male|181.51.131.114|Mr. EldonHamstead
10|Patrice|Buske|pbuske9@shop-pro.jp|Male|8.4.93.195|Mr. PatriceBuske
11|Fallon|Saint|fsainta@youtu.be|Female|28.41.126.59|Mrs. FallonSaint
12|Falkner|Merrgan|fmerrganb@mac.com|Male|75.160.5.11|Mr. FalknerMerrgan
""|Shanta|Tumber|""|Female|71.102.214.197|Mrs. ShantaTumber
14|Daloris|Howood|dhowoodd@jiathis.com|Female|108.63.219.36|Mrs. DalorisHowood
15|Augustus|Lockney|alockneye@ehow.com|Male|62.178.138.189|Mr. AugustusLockney
16|Cissy|Fetherby|cfetherbyf@ovh.net|Female|49.136.89.178|Mrs. CissyFetherby
17|Evered|Demsey|edemseyg@cloudflare.com|Male|109.147.148.147|Mr. EveredDemsey
18|Rube|Astill|rastillh@timesonline.co.uk|Male|88.111.38.168|Mr. RubeAstill
19|Saunderson|Di Ruggero|sdiruggeroi@reverbnation.com|Male|205.216.12.141|Mr. SaundersonDi Ruggero
20|Frederick|Dow|fdowj@bbc.co.uk|Male|0.148.192.9|Mr. FrederickDow
21|Darin|Makeswell|dmakeswellk@mac.com|Male|252.141.137.183|Mr. DarinMakeswell
22|Derril|Turnock|dturnockl@cornell.edu|Male|143.201.115.87|Mr. DerrilTurnock
23|Norrie|Buttwell|nbuttwellm@yandex.ru|Male|177.8.228.254|Mr. NorrieButtwell
24|Griff|Nutley|gnutleyn@jalbum.net|Male|254.133.194.57|Mr. GriffNutley
25|Lon|Petche|lpetcheo@ehow.com|Male|240.77.68.235|Mr. LonPetche
26|Violette|Lintott|vlintottp@house.gov|Female|146.97.75.224|Mrs. VioletteLintott
27|Chicky|Dayley|cdayleyq@amazonaws.com|Female|41.160.91.228|Mrs. ChickyDayley
28|Millard|Wallege|mwalleger@linkedin.com|Male|90.201.19.227|Mr. MillardWallege
29|Linzy|Moors|lmoorss@wikimedia.org|Female|224.165.206.137|Mrs. LinzyMoors
30|Kinna|Basnall|kbasnallt@indiatimes.com|Female|4.110.137.180|Mrs. KinnaBasnall
""|Hillary|Renackowna|""|Male|205.12.233.232|Mr. HillaryRenackowna
32|Ulrich|Garman|ugarmanv@gizmodo.com|Male|86.171.109.112|Mr. UlrichGarman
33|Cobby|Herrero|cherrerow@theatlantic.com|Male|237.183.161.100|Mr. CobbyHerrero
34|Tiphany|Yegorkin|tyegorkinx@webmd.com|Female|113.162.199.240|Mrs. TiphanyYegorkin
35|Bernie|Blenkinship|bblenkinshipy@bandcamp.com|Male|142.246.10.40|Mr. BernieBlenkinship
36|Datha|Shury|dshuryz@irs.gov|Female|150.47.234.240|Mrs. DathaShury
37|Pearl|Pearmain|ppearmain10@opensource.org|Female|199.89.99.2|Mrs. PearlPearmain
38|Esther|Elt|eelt11@un.org|Female|125.239.26.173|Mrs. EstherElt
39|Raviv|Paternoster|rpaternoster12@bbb.org|Male|221.177.79.204|Mr. RavivPaternoster
40|Maia|Mallabon|mmallabon13@geocities.com|Female|42.77.19.237|Mrs. MaiaMallabon
41|Lemar|Greeves|lgreeves14@usa.gov|Male|102.192.53.94|Mr. LemarGreeves
42|Geralda|Hecks|ghecks15@cbc.ca|Female|105.15.98.157|Mrs. GeraldaHecks
43|Wake|Battram|wbattram16@goodreads.com|Male|255.75.253.216|Mr. WakeBattram
44|Boot|Beastall|bbeastall17@tuttocitta.it|Male|238.207.25.0|Mr. BootBeastall
45|Clarice|Fant|cfant18@skype.com|Female|24.239.209.188|Mrs. ClariceFant
46|Faulkner|McGilroy|fmcgilroy19@sina.com.cn|Male|15.63.146.169|Mr. FaulknerMcGilroy
47|Shina|Strathearn|sstrathearn1a@bbc.co.uk|Female|117.107.165.7|Mrs. ShinaStrathearn
48|Abbey|Poore|apoore1b@seattletimes.com|Female|141.132.135.151|Mrs. AbbeyPoore
49|Rudd|Ferryman|rferryman1c@rakuten.co.jp|Male|114.8.188.205|Mr. RuddFerryman
50|Renate|Livoir|rlivoir1d@networksolutions.com|Female|227.227.55.105|Mrs. RenateLivoir
51|Olivette|Shuter|oshuter1e@blogs.com|Female|50.127.86.162|Mrs. OlivetteShuter
52|Barney|Ellgood|bellgood1f@myspace.com|Male|118.211.101.22|Mr. BarneyEllgood
53|Norris|Jell|njell1g@kickstarter.com|Male|173.81.107.197|Mr. NorrisJell
54|Eadmund|Urian|eurian1h@elpais.com|Male|159.28.123.236|Mr. EadmundUrian
55|Cathee|Leipold|cleipold1i@chronoengine.com|Female|3.220.175.151|Mrs. CatheeLeipold
56|Loralyn|Hambribe|lhambribe1j@devhub.com|Female|67.199.137.178|Mrs. LoralynHambribe
57|Vinita|Dockerty|vdockerty1k@fastcompany.com|Female|72.229.28.112|Mrs. VinitaDockerty
58|Claybourne|Kitchinghan|ckitchinghan1l@sitemeter.com|Male|146.255.88.33|Mr. ClaybourneKitchinghan
59|Rowe|Leer|rleer1m@biglobe.ne.jp|Female|138.161.36.6|Mrs. RoweLeer
60|Valli|Batie|vbatie1n@exblog.jp|Female|75.162.195.183|Mrs. ValliBatie
61|Ninon|St Ledger|nstledger1o@ed.gov|Female|135.99.104.170|Mrs. NinonSt Ledger
62|Calley|Morfey|cmorfey1p@google.it|Female|34.254.23.127|Mrs. CalleyMorfey
63|Elyn|Wile|ewile1q@angelfire.com|Female|113.23.124.124|Mrs. ElynWile
64|Jordon|Milillo|jmilillo1r@un.org|Male|251.27.237.72|Mr. JordonMilillo
65|Clint|Hurtado|churtado1s@wiley.com|Male|72.76.126.105|Mr. ClintHurtado
66|Catlee|Rowcastle|crowcastle1t@people.com.cn|Female|208.235.88.118|Mrs. CatleeRowcastle
67|Stephi|Alcoran|salcoran1u@oakley.com|Female|243.162.3.39|Mrs. StephiAlcoran
68|Joe|Lesley|jlesley1v@ucoz.com|Male|22.40.210.138|Mr. JoeLesley
69|Engracia|Masham|emasham1w@thetimes.co.uk|Female|197.87.68.94|Mrs. EngraciaMasham
70|Janeva|Pretorius|jpretorius1x@barnesandnoble.com|Female|250.114.168.28|Mrs. JanevaPretorius
71|Grazia|Kellert|gkellert1y@csmonitor.com|Female|157.74.201.99|Mrs. GraziaKellert
72|Merrilee|Featherstonhalgh|mfeatherstonhalgh1z@buzzfeed.com|Female|127.157.98.150|Mrs. MerrileeFeatherstonhalgh
73|Benji|Looker|blooker20@alexa.com|Male|43.114.223.89|Mr. BenjiLooker
""|Guilbert|Rodrigues|""|Male|204.226.140.111|Mr. GuilbertRodrigues
75|Cati|Attersoll|cattersoll22@usnews.com|Female|142.158.196.218|Mrs. CatiAttersoll
76|Theodora|Maffione|tmaffione23@google.cn|Female|101.172.254.109|Mrs. TheodoraMaffione
77|Malachi|Bruntje|mbruntje24@youtube.com|Male|5.197.163.143|Mr. MalachiBruntje
78|Ann-marie|Fucher|afucher25@soundcloud.com|Female|81.57.214.22|Mrs. Ann-marieFucher
79|Talya|Moorhead|tmoorhead26@rambler.ru|Female|254.250.130.126|Mrs. TalyaMoorhead
80|Aleta|Whate|awhate27@bizjournals.com|Female|254.30.69.129|Mrs. AletaWhate
""|Gloriana|Saward|""|Female|232.180.22.68|Mrs. GlorianaSaward
82|Wilfrid|Balston|wbalston29@yahoo.com|Male|58.1.113.223|Mr. WilfridBalston
83|Mickey|Bendan|mbendan2a@meetup.com|Male|187.67.228.182|Mr. MickeyBendan
84|Marlow|Woollin|mwoollin2b@squidoo.com|Male|18.4.187.206|Mr. MarlowWoollin
85|Davidde|Golightly|dgolightly2c@de.vu|Male|252.223.69.44|Mr. DaviddeGolightly
86|Cyrille|Adel|cadel2d@163.com|Male|197.15.238.223|Mr. CyrilleAdel
87|Mycah|Farr|mfarr2e@archive.org|Male|144.53.152.2|Mr. MycahFarr
88|Lynn|Natalie|lnatalie2f@aboutads.info|Male|142.88.168.52|Mr. LynnNatalie
89|Justen|Farnes|jfarnes2g@home.pl|Male|97.144.7.23|Mr. JustenFarnes
90|Kinna|Bazell|kbazell2h@soundcloud.com|Female|74.199.122.168|Mrs. KinnaBazell
91|Isahella|Joutapavicius|ijoutapavicius2i@blogtalkradio.com|Female|212.201.236.207|Mrs. IsahellaJoutapavicius
""|Rochell|O'Sheeryne|""|Female|214.169.197.119|Mrs. RochellO'Sheeryne
93|April|Wallbutton|awallbutton2k@answers.com|Female|174.33.241.246|Mrs. AprilWallbutton
94|Clark|Aymes|caymes2l@usnews.com|Male|11.121.108.35|Mr. ClarkAymes
95|Jed|Furmedge|jfurmedge2m@vk.com|Male|97.156.176.16|Mr. JedFurmedge
96|Darda|Cattrell|dcattrell2n@taobao.com|Female|18.168.212.69|Mrs. DardaCattrell
97|Vasily|Cummine|vcummine2o@ucla.edu|Male|0.231.129.206|Mr. VasilyCummine
98|Libbie|Dubose|ldubose2p@mozilla.org|Female|109.106.144.213|Mrs. LibbieDubose
99|Delila|Laugherane|dlaugherane2q@oakley.com|Female|12.224.61.195|Mrs. DelilaLaugherane
100|Hurleigh|Maker|hmaker2r@oakley.com|Male|168.0.150.196|Mr. HurleighMaker
101|Shelbi|Sedgmond|ssedgmond2s@tumblr.com|Female|62.243.151.78|Mrs. ShelbiSedgmond
""|Vasili|Notman|""|HRWMale|240.10.38.196|VasiliNotman
103|Cesar|Beaton|cbeaton2u@springer.com|Male|193.250.126.138|Mr. CesarBeaton
104|Rochette|Blannin|rblannin2v@imageshack.us|Female|178.176.217.8|Mrs. RochetteBlannin
105|Devina|Varden|dvarden2w@webmd.com|Female|88.113.144.52|Mrs. DevinaVarden
106|Gabriello|Vanderplas|gvanderplas2x@plala.or.jp|Male|160.140.157.57|Mr. GabrielloVanderplas
107|Frayda|Cartmer|fcartmer2y@a8.net|Female|244.15.73.95|Mrs. FraydaCartmer
108|Amabelle|Clarycott|aclarycott2z@sbwire.com|Female|89.102.197.225|Mrs. AmabelleClarycott
109|Ferrel|Leopard|fleopard30@feedburner.com|MaleDER|175.110.87.150|FerrelLeopard
110|Corabella|Sanches|csanches31@guardian.co.uk|Female|241.144.41.13|Mrs. CorabellaSanches
111|Maynard|Dekeyser|mdekeyser32@time.com|Male|133.72.112.241|Mr. MaynardDekeyser
112|Skippie|Dumsday|sdumsday33@dmoz.org|Male|10.32.181.29|Mr. SkippieDumsday
113|Connor|Carragher|ccarragher34@clickbank.net|Male|130.157.20.157|Mr. ConnorCarragher
114|Alyda|Baverstock|abaverstock35@harvard.edu|Female|247.121.56.246|Mrs. AlydaBaverstock
115|Laney|Lopes|llopes36@gov.uk|Female|221.95.33.129|Mrs. LaneyLopes
116|Bennett|Dundridge|bdundridge37@netscape.com|Male|89.226.163.217|Mr. BennettDundridge
117|Price|Trulocke|ptrulocke38@va.gov|Male|79.191.75.162|Mr. PriceTrulocke
118|Rowan|Joontjes|rjoontjes39@google.ca|Male|244.174.199.243|Mr. RowanJoontjes
119|Tybalt|Gelsthorpe|tgelsthorpe3a@narod.ru|Male|89.33.152.45|Mr. TybaltGelsthorpe
120|Starr|McCrillis|smccrillis3b@hc360.com|Female|201.192.146.48|Mrs. StarrMcCrillis
121|Aloisia|Rosewell|arosewell3c@pbs.org|Female|139.109.166.71|Mrs. AloisiaRosewell
122|Berte|O' Ronan|boronan3d@sina.com.cn|Female|179.130.15.71|Mrs. BerteO' Ronan
123|Valentine|Fairbrother|vfairbrother3e@people.com.cn|Male|88.179.50.208|Mr. ValentineFairbrother
""|Rupert|Stiegars|""|Male|69.237.226.67|Mr. RupertStiegars
125|Iolande|Orlton|iorlton3g@sciencedaily.com|Female|10.205.104.34|Mrs. IolandeOrlton
126|Dasya|Dik|ddik3h@harvard.edu|Female|153.190.192.114|Mrs. DasyaDik
127|Chrysa|Reeveley|creeveley3i@smugmug.com|Female|0.89.238.10|Mrs. ChrysaReeveley
128|Ansley|McGlynn|amcglynn3j@nasa.gov|Female|75.169.180.202|Mrs. AnsleyMcGlynn
129|Maury|McCurt|mmccurt3k@ow.ly|Male|241.38.39.160|Mr. MauryMcCurt
130|Tabbi|Tuttle|ttuttle3l@ucoz.ru|Female|210.68.55.12|Mrs. TabbiTuttle
131|Lavinie|Doerling|ldoerling3m@so-net.ne.jp|Female|118.154.224.116|Mrs. LavinieDoerling
132|Cathlene|Ormrod|cormrod3n@rediff.com|Female|235.79.201.244|Mrs. CathleneOrmrod
133|Delinda|Agirre|dagirre3o@goodreads.com|Female|54.15.188.151|Mrs. DelindaAgirre
134|Bord|McKernon|bmckernon3p@creativecommons.org|Male|237.28.110.103|Mr. BordMcKernon
135|Lavina|Hardway|lhardway3q@e-recht24.de|FemalePNPSPAP|49.91.83.178|LavinaHardway
136|Alair|Folcarelli|afolcarelli3r@de.vu|Male|201.193.70.41|Mr. AlairFolcarelli
137|Dinny|Croutear|dcroutear3s@lycos.com|Female|227.207.194.208|Mrs. DinnyCroutear
138|Maddie|Sargeant|msargeant3t@zimbio.com|Male|23.211.99.197|Mr. MaddieSargeant
139|Ezmeralda|Penniall|epenniall3u@yahoo.com|Female|47.207.51.94|Mrs. EzmeraldaPenniall
140|Stanislaus|Eyrl|seyrl3v@globo.com|Male|195.100.218.172|Mr. StanislausEyrl
141|Roxie|Mallabone|rmallabone3w@merriam-webster.com|Female|30.184.242.215|Mrs. RoxieMallabone
142|Randal|Tembey|rtembey3x@census.gov|Male|11.245.144.229|Mr. RandalTembey
143|Giustino|Toolan|gtoolan3y@parallels.com|Male|54.233.73.218|Mr. GiustinoToolan
144|Tabitha|Wallen|twallen3z@altervista.org|""|17.250.15.126|TabithaWallen
145|Danny|Yusupov|dyusupov40@fema.gov|Male|81.216.146.82|Mr. DannyYusupov
146|Catlin|Menary|cmenary41@behance.net|Female|29.125.204.234|Mrs. CatlinMenary
147|Seumas|Follitt|sfollitt42@amazonaws.com|Male|21.180.226.127|Mr. SeumasFollitt
148|Harald|Walster|hwalster43@dropbox.com|Male|214.193.215.145|Mr. HaraldWalster
149|Zebulon|Larby|zlarby44@house.gov|Male|248.249.53.42|Mr. ZebulonLarby
150|Dougie|Mignot|dmignot45@tmall.com|Male|211.15.147.245|Mr. DougieMignot
151|Ced|Birrane|cbirrane46@craigslist.org|Male|97.180.105.196|Mr. CedBirrane
152|Carey|Ellacombe|cellacombe47@deliciousdays.com|Female|190.162.54.105|Mrs. CareyEllacombe
""|Malynda|Bartosiak|""|Female|139.232.58.236|Mrs. MalyndaBartosiak
154|Quint|Andrei|qandrei49@about.me|Male|89.210.19.208|Mr. QuintAndrei
155|Buckie|Maryska|bmaryska4a@feedburner.com|Male|72.216.51.215|Mr. BuckieMaryska
156|Crin|Reboulet|creboulet4b@ifeng.com|Female|204.253.50.88|Mrs. CrinReboulet
157|Tarah|Tredgold|ttredgold4c@springer.com|Female|239.49.141.27|Mrs. TarahTredgold
158|Zaccaria|Lorman|zlorman4d@mit.edu|Male|164.119.192.34|Mr. ZaccariaLorman
159|Marshal|Ducroe|mducroe4e@businessinsider.com|Male|208.69.240.243|Mr. MarshalDucroe
160|Mick|Lamdin|mlamdin4f@wordpress.org|Male|188.16.123.42|Mr. MickLamdin
161|Imogen|Stewart|istewart4g@cloudflare.com|Female|147.147.234.55|Mrs. ImogenStewart
162|Reynold|Genthner|rgenthner4h@blog.com|Male|164.136.189.183|Mr. ReynoldGenthner
163|Donnie|Dubbin|ddubbin4i@imageshack.us|Female|146.75.155.18|Mrs. DonnieDubbin
164|Inglebert|Skoof|iskoof4j@rambler.ru|Male|98.176.183.254|Mr. InglebertSkoof
165|Fritz|Hemphall|fhemphall4k@google.com.hk|Male|177.167.163.141|Mr. FritzHemphall
166|Marcelle|Chatburn|mchatburn4l@bravesites.com|Female|184.86.231.45|Mrs. MarcelleChatburn
167|Briano|Erni|berni4m@last.fm|Male|208.100.203.17|Mr. BrianoErni
168|Jephthah|Nipper|jnipper4n@msn.com|Male|176.58.0.149|Mr. JephthahNipper
169|Clive|Sketh|csketh4o@barnesandnoble.com|Male|171.88.88.73|Mr. CliveSketh
170|Homer|Luard|hluard4p@e-recht24.de|Male|46.42.158.41|Mr. HomerLuard
171|Turner|St. Louis|tstlouis4q@de.vu|Male|91.221.150.235|Mr. TurnerSt. Louis
172|Ardeen|Lalor|alalor4r@independent.co.uk|Female|44.27.82.236|Mrs. ArdeenLalor
173|De witt|Devenny|ddevenny4s@prlog.org|Male|93.63.49.175|Mr. De wittDevenny
174|Tedie|Ready|tready4t@cmu.edu|Male|31.73.64.21|Mr. TedieReady
175|Jared|Leyrroyd|jleyrroyd4u@oakley.com|Male|247.111.21.67|Mr. JaredLeyrroyd
176|Sheela|Hosby|shosby4v@wikimedia.org|Female|251.28.104.115|Mrs. SheelaHosby
177|Sabina|Deveral|sdeveral4w@elegantthemes.com|Female|9.49.141.233|Mrs. SabinaDeveral
178|Kirbie|Kneafsey|kkneafsey4x@artisteer.com|Female|65.15.213.156|Mrs. KirbieKneafsey
179|Trisha|Zanassi|tzanassi4y@china.com.cn|Female|55.112.231.77|Mrs. TrishaZanassi
180|Ginger|Kroon|gkroon4z@microsoft.com|Male|153.192.240.43|Mr. GingerKroon
181|Maximilien|Simonett|msimonett50@newsvine.com|Male|14.157.102.8|Mr. MaximilienSimonett
182|Darby|Fritschel|dfritschel51@about.com|Female|222.135.211.184|Mrs. DarbyFritschel
183|Sherrie|Measey|smeasey52@upenn.edu|Female|61.10.24.176|Mrs. SherrieMeasey
184|Annette|Houdhury|ahoudhury53@github.com|Female|110.226.69.125|Mrs. AnnetteHoudhury
185|Don|Cadagan|dcadagan54@timesonline.co.uk|Male|176.112.8.29|Mr. DonCadagan
186|Gretal|Ridsdole|gridsdole55@mysql.com|Female|100.203.63.128|Mrs. GretalRidsdole
187|Shayla|Ivshin|sivshin56@issuu.com|Female|230.163.228.199|Mrs. ShaylaIvshin
188|Myrtie|McRorie|mmcrorie57@berkeley.edu|Female|208.53.123.107|Mrs. MyrtieMcRorie
189|Valle|Cherry Holme|vcherryholme58@yale.edu|Male|179.178.142.92|Mr. ValleCherry Holme
190|Salem|Deniseau|sdeniseau59@wordpress.org|Male|223.68.214.190|Mr. SalemDeniseau
191|Althea|Cayle|acayle5a@icq.com|Female|82.225.90.139|Mrs. AltheaCayle
192|Findley|Wrettum|fwrettum5b@springer.com|Male|215.114.228.109|Mr. FindleyWrettum
193|Dennison|Akred|dakred5c@admin.ch|Male|234.100.223.205|Mr. DennisonAkred
194|Melicent|Harrigan|mharrigan5d@amazon.de|Female|82.215.181.105|Mrs. MelicentHarrigan
195|Debra|Bebbington|dbebbington5e@bloglovin.com|Female|95.125.124.232|Mrs. DebraBebbington
196|Cleon|Keyme|ckeyme5f@dropbox.com|Male|40.227.87.125|Mr. CleonKeyme
197|Giles|Kerwick|gkerwick5g@scientificamerican.com|Male|247.100.142.98|Mr. GilesKerwick
198|Catriona|Girkins|cgirkins5h@webnode.com|Female|76.202.173.222|Mrs. CatrionaGirkins
199|Rick|Pyett|rpyett5i@geocities.com|Male|253.0.245.158|Mr. RickPyett
200|Winnah|Hort|whort5j@gizmodo.com|Female|169.6.177.63|Mrs. WinnahHort
""|Carmelita|Camock|""|Female|75.195.58.173|Mrs. CarmelitaCamock
""|Stormi|Tapenden|""|Female|134.255.103.78|Mrs. StormiTapenden
203|Midge|Bromehed|mbromehed5m@eventbrite.com|Female|97.225.227.89|Mrs. MidgeBromehed
204|Erin|Delicate|edelicate5n@reverbnation.com|Male|246.247.9.112|Mr. ErinDelicate
205|Alisa|Treharne|atreharne5o@tamu.edu|Female|14.123.90.161|Mrs. AlisaTreharne
206|Pennie|Justun|pjustun5p@angelfire.com|Female|96.5.190.21|Mrs. PennieJustun
207|Arlie|Boakes|aboakes5q@zdnet.com|Female|194.253.222.173|Mrs. ArlieBoakes
208|Bobbie|Jakubowski|bjakubowski5r@instagram.com|Male|76.52.163.82|Mr. BobbieJakubowski
209|Carlita|Demangeot|cdemangeot5s@army.mil|Female|91.139.40.53|Mrs. CarlitaDemangeot
210|Arleen|Dart|adart5t@columbia.edu|Female|191.194.201.158|Mrs. ArleenDart
211|Amby|Timbs|atimbs5u@cdc.gov|Male|244.25.95.207|Mr. AmbyTimbs
212|Ole|Domleo|odomleo5v@blog.com|Male|19.242.184.13|Mr. OleDomleo
213|Thibaut|Colquite|tcolquite5w@virginia.edu|Male|195.139.116.17|Mr. ThibautColquite
214|Nap|Gelder|ngelder5x@facebook.com|Male|67.236.91.226|Mr. NapGelder
215|Erskine|Pretsel|epretsel5y@adobe.com|Male|132.173.44.163|Mr. ErskinePretsel
216|Royall|Simonelli|rsimonelli5z@answers.com|Male|105.0.129.10|Mr. RoyallSimonelli
217|Berni|Steers|bsteers60@wordpress.com|Female|93.87.180.32|Mrs. BerniSteers
218|Teriann|Cowpertwait|tcowpertwait61@buzzfeed.com|Female|221.132.200.112|Mrs. TeriannCowpertwait
219|Douglas|Aitken|daitken62@dell.com|Male|27.116.11.85|Mr. DouglasAitken
220|Maynord|Mottram|mmottram63@whitehouse.gov|Male|112.224.67.133|Mr. MaynordMottram
221|Ginger|Espinosa|gespinosa64@amazon.co.uk|Male|8.182.71.34|Mr. GingerEspinosa
222|Ely|Ainscough|eainscough65@go.com|Male|254.42.59.29|Mr. ElyAinscough
223|Gillie|Rennock|grennock66@weather.com|Female|160.247.87.147|Mrs. GillieRennock
224|Perle|Habershaw|phabershaw67@about.me|Female|143.251.169.70|Mrs. PerleHabershaw
225|Brenn|Lucy|blucy68@unc.edu|Female|224.105.184.153|Mrs. BrennLucy
226|Kathleen|Leveridge|kleveridge69@timesonline.co.uk|Female|20.224.209.164|Mrs. KathleenLeveridge
227|Findlay|Seawell|fseawell6a@bbc.co.uk|Male|84.83.153.124|Mr. FindlaySeawell
228|Skip|Cottie|scottie6b@google.com.hk|Male|170.70.139.141|Mr. SkipCottie
229|Raleigh|Micheu|rmicheu6c@a8.net|Male|129.39.213.74|Mr. RaleighMicheu
230|Xavier|Cutchee|xcutchee6d@altervista.org|Male|237.240.240.19|Mr. XavierCutchee
231|Thomasina|Claringbold|tclaringbold6e@i2i.jp|Female|193.2.219.151|Mrs. ThomasinaClaringbold
232|Doro|Espinal|despinal6f@cpanel.net|Female|241.9.255.114|Mrs. DoroEspinal
""|Pip|Devany|""|Male|174.143.163.22|Mr. PipDevany
234|Patrica|Trinkwon|ptrinkwon6h@webnode.com|Female|92.36.35.255|Mrs. PatricaTrinkwon
235|Josselyn|Abisetti|jabisetti6i@nasa.gov|Female|94.25.183.145|Mrs. JosselynAbisetti
236|Ceil|Goadsby|cgoadsby6j@answers.com|Female|64.196.223.96|Mrs. CeilGoadsby
237|Gregoor|Knowlton|gknowlton6k@hubpages.com|Male|102.23.49.67|Mr. GregoorKnowlton
238|Cyndia|Peachment|cpeachment6l@photobucket.com|Female|246.131.103.168|Mrs. CyndiaPeachment
239|Donavon|Yeoman|dyeoman6m@prweb.com|Male|179.109.205.104|Mr. DonavonYeoman
240|Tabb|Derle|tderle6n@xinhuanet.com|Male|228.198.213.100|Mr. TabbDerle
241|Harlie|Kynder|hkynder6o@myspace.com|Female|56.186.195.216|Mrs. HarlieKynder
242|Donia|Marquot|dmarquot6p@boston.com|Female|188.87.134.79|Mrs. DoniaMarquot
243|Marget|Matthaus|mmatthaus6q@photobucket.com|Female|55.240.167.17|Mrs. MargetMatthaus
244|Hyacinth|Bee|hbee6r@washingtonpost.com|Female|194.163.137.201|Mrs. HyacinthBee
""|Craggy|Labrenz|""|Male|193.70.236.47|Mr. CraggyLabrenz
246|Kirsteni|Lamey|klamey6t@illinois.edu|Female|65.84.234.159|Mrs. KirsteniLamey
247|Luz|Darinton|ldarinton6u@nbcnews.com|Female|252.126.33.133|Mrs. LuzDarinton
248|Cammy|Pynner|cpynner6v@uiuc.edu|Male|224.75.167.5|Mr. CammyPynner
249|Gregorio|Zimmerman|gzimmerman6w@archive.org|Male|159.73.223.252|Mr. GregorioZimmerman
250|Wallas|Larret|wlarret6x@jimdo.com|Male|75.207.58.235|Mr. WallasLarret
251|Jarad|Leggate|jleggate6y@myspace.com|Male|45.235.80.248|Mr. JaradLeggate
252|Buddy|Finlay|bfinlay6z@wufoo.com|Male|24.122.124.186|Mr. BuddyFinlay
253|Fidelia|Mungane|fmungane70@yahoo.com|Female|227.161.87.210|Mrs. FideliaMungane
254|Sibylla|Giovanizio|sgiovanizio71@who.int|Female|82.82.218.211|Mrs. SibyllaGiovanizio
255|Barry|Wiszniewski|bwiszniewski72@thetimes.co.uk|Female|203.180.190.252|Mrs. BarryWiszniewski
256|Lilia|Meier|lmeier73@elpais.com|Female|236.125.96.102|Mrs. LiliaMeier
257|Wittie|Heyball|wheyball74@prweb.com|Male|198.16.96.69|Mr. WittieHeyball
258|Rutledge|Tucknott|rtucknott75@so-net.ne.jp|Male|44.209.14.81|Mr. RutledgeTucknott
259|Reggie|Balls|rballs76@bing.com|Male|81.174.48.207|Mr. ReggieBalls
260|Davine|Gobolos|dgobolos77@slideshare.net|Female|71.81.233.13|Mrs. DavineGobolos
261|Tedie|Sebert|tsebert78@jimdo.com|Male|45.213.70.112|Mr. TedieSebert
""|Hasty|Brunesco|""|Male|137.11.179.215|Mr. HastyBrunesco
263|Gerardo|Cardall|gcardall7a@smh.com.au|Male|52.23.101.79|Mr. GerardoCardall
264|Ignatius|MacCheyne|imaccheyne7b@a8.net|Male|109.237.109.76|Mr. IgnatiusMacCheyne
265|Swen|Connah|sconnah7c@sciencedirect.com|Male|146.151.85.29|Mr. SwenConnah
266|Tadio|Butson|tbutson7d@sun.com|Male|125.151.185.80|Mr. TadioButson
267|Meggie|Pomeroy|mpomeroy7e@google.ru|Female|117.69.240.109|Mrs. MeggiePomeroy
268|Paulina|Philipot|pphilipot7f@wikimedia.org|Female|93.71.137.244|Mrs. PaulinaPhilipot
269|Rebe|McCamish|rmccamish7g@163.com|Female|67.43.198.142|Mrs. RebeMcCamish
270|Trey|Benaine|tbenaine7h@aol.com|Male|231.30.85.200|Mr. TreyBenaine
271|Marius|Schuelcke|mschuelcke7i@gravatar.com|Male|160.219.150.173|Mr. MariusSchuelcke
272|Harp|Stirland|hstirland7j@go.com|Male|161.22.146.95|Mr. HarpStirland
273|Rodrique|Toft|rtoft7k@xinhuanet.com|Male|128.206.190.213|Mr. RodriqueToft
274|Worthington|Bassham|wbassham7l@delicious.com|Male|102.46.31.252|Mr. WorthingtonBassham
275|Raimund|Merrell|rmerrell7m@homestead.com|Male|3.91.11.91|Mr. RaimundMerrell
276|Ingrim|Priver|ipriver7n@harvard.edu|Male|159.130.101.223|Mr. IngrimPriver
""|Inge|Glauber|""|Female|219.33.250.156|Mrs. IngeGlauber
278|Korry|Golland|kgolland7p@wufoo.com|Female|170.241.101.221|Mrs. KorryGolland
279|Ericha|Dounbare|edounbare7q@comsenz.com|Female|136.235.67.139|Mrs. ErichaDounbare
280|Riobard|Kepling|rkepling7r@ebay.com|Male|247.32.86.113|Mr. RiobardKepling
281|Lianne|Packington|lpackington7s@dell.com|Female|53.175.81.119|Mrs. LiannePackington
282|Abagael|Jemmett|ajemmett7t@stanford.edu|Female|95.97.57.234|Mrs. AbagaelJemmett
283|Othilia|Dredge|odredge7u@joomla.org|Female|155.251.100.10|Mrs. OthiliaDredge
284|Dene|O'Dowling|dodowling7v@photobucket.com|Male|185.168.172.19|Mr. DeneO'Dowling
285|Zulema|Skuce|zskuce7w@shutterfly.com|Female|204.149.163.140|Mrs. ZulemaSkuce
286|Joane|Loveland|jloveland7x@alexa.com|Female|13.236.132.128|Mrs. JoaneLoveland
287|Giulietta|Delany|gdelany7y@printfriendly.com|Female|157.170.82.236|Mrs. GiuliettaDelany
288|Prinz|Keyzman|pkeyzman7z@chicagotribune.com|Male|15.227.17.184|Mr. PrinzKeyzman
289|Tabina|Autin|tautin80@php.net|Female|189.223.31.106|Mrs. TabinaAutin
290|Robb|Stollberger|rstollberger81@edublogs.org|Male|99.26.184.184|Mr. RobbStollberger
291|Shawnee|Junkison|sjunkison82@cbc.ca|Female|169.34.234.91|Mrs. ShawneeJunkison
292|Worthy|Fredy|wfredy83@cnn.com|Male|28.79.87.144|Mr. WorthyFredy
293|Russell|Brimson|rbrimson84@cam.ac.uk|Male|241.152.206.230|Mr. RussellBrimson
294|Kaine|Deeves|kdeeves85@goo.gl|Male|186.229.47.44|Mr. KaineDeeves
""|Calli|Hardage|""|Female|141.31.117.66|Mrs. CalliHardage
296|Gerome|Wilding|gwilding87@cbc.ca|Male|79.228.137.13|Mr. GeromeWilding
297|Avivah|Bertot|abertot88@slate.com|Female|209.41.222.161|Mrs. AvivahBertot
298|Annabell|Bax|abax89@rediff.com|Female|9.249.229.39|Mrs. AnnabellBax
""|Griff|Marnes|""|Male|16.159.81.155|Mr. GriffMarnes
300|Sig|Campkin|scampkin8b@ox.ac.uk|Male|44.110.83.50|Mr. SigCampkin
301|Debora|Markova|dmarkova8c@wikimedia.org|Female|75.38.252.153|Mrs. DeboraMarkova
302|Horst|Billing|hbilling8d@dedecms.com|Male|30.27.166.149|Mr. HorstBilling
303|Isadore|Pittway|ipittway8e@jalbum.net|Male|28.62.185.60|Mr. IsadorePittway
304|Sebastien|McArd|smcard8f@mashable.com|Male|231.154.168.197|Mr. SebastienMcArd
305|Opal|MacHoste|omachoste8g@comcast.net|Female|167.226.212.221|Mrs. OpalMacHoste
306|Bary|Andriveaux|bandriveaux8h@163.com|Male|109.99.141.26|Mr. BaryAndriveaux
307|Collete|Gallant|cgallant8i@tumblr.com|Female|36.42.209.51|Mrs. ColleteGallant
308|Terencio|Hansman|thansman8j@netvibes.com|Male|25.173.103.244|Mr. TerencioHansman
309|John|Dolphin|jdolphin8k@hexun.com|Male|167.175.120.54|Mr. JohnDolphin
310|Florenza|Phettis|fphettis8l@altervista.org|Female|126.148.33.171|Mrs. FlorenzaPhettis
311|Urbano|Shallo|ushallo8m@whitehouse.gov|Male|178.210.29.37|Mr. UrbanoShallo
312|Phoebe|Tingcomb|ptingcomb8n@shareasale.com|Female|161.59.184.13|Mrs. PhoebeTingcomb
313|Fae|Boyland|fboyland8o@instagram.com|Female|3.208.78.55|Mrs. FaeBoyland
314|Aurilia|Wolfenden|awolfenden8p@geocities.jp|Female|124.224.105.254|Mrs. AuriliaWolfenden
315|Gerrard|Inglish|ginglish8q@yellowpages.com|Male|230.79.79.44|Mr. GerrardInglish
316|Wylma|Need|wneed8r@feedburner.com|Female|199.214.57.76|Mrs. WylmaNeed
317|Gerianne|Gostling|ggostling8s@hp.com|Female|76.184.111.38|Mrs. GerianneGostling
318|Les|Corn|lcorn8t@google.it|Male|250.21.183.238|Mr. LesCorn
319|Linnea|Kinchington|lkinchington8u@123-reg.co.uk|Female|253.211.238.132|Mrs. LinneaKinchington
320|Leigha|Phizackerly|lphizackerly8v@oaic.gov.au|Female|241.39.1.75|Mrs. LeighaPhizackerly
321|Pebrook|Lownds|plownds8w@eventbrite.com|Male|68.91.48.138|Mr. PebrookLownds
322|Randi|Silliman|rsilliman8x@phpbb.com|Female|47.79.235.7|Mrs. RandiSilliman
323|Shawn|Collabine|scollabine8y@biglobe.ne.jp|Male|106.152.109.160|Mr. ShawnCollabine
324|Dulci|Manneville|dmanneville8z@adobe.com|Female|97.4.221.105|Mrs. DulciManneville
325|Rancell|Notman|rnotman90@irs.gov|Male|161.124.192.19|Mr. RancellNotman
326|Corena|Piotrkowski|cpiotrkowski91@yahoo.co.jp|Female|156.126.0.12|Mrs. CorenaPiotrkowski
327|Holly|Danton|hdanton92@chicagotribune.com|Female|86.94.71.1|Mrs. HollyDanton
328|Irv|Wearden|iwearden93@ft.com|Male|173.30.107.54|Mr. IrvWearden
329|Annabelle|Fero|afero94@friendfeed.com|Female|114.90.5.78|Mrs. AnnabelleFero
330|Wanda|Hardingham|whardingham95@marketwatch.com|Female|245.33.74.166|Mrs. WandaHardingham
331|Joyce|Ibbeson|jibbeson96@cornell.edu|Female|19.23.221.42|Mrs. JoyceIbbeson
332|Giana|Armstead|garmstead97@usda.gov|Female|136.130.251.162|Mrs. GianaArmstead
333|Nomi|Levy|nlevy98@huffingtonpost.com|Female|179.27.208.242|Mrs. NomiLevy
334|Aloysia|Gurry|agurry99@nih.gov|Female|241.125.154.180|Mrs. AloysiaGurry
335|Elisha|Semiraz|esemiraz9a@chronoengine.com|Female|52.52.19.205|Mrs. ElishaSemiraz
336|Sorcha|Cellier|scellier9b@example.com|Female|44.179.125.139|Mrs. SorchaCellier
337|Kiah|Howieson|khowieson9c@purevolume.com|Female|69.129.36.126|Mrs. KiahHowieson
338|Alistair|Itzak|aitzak9d@usa.gov|Male|184.112.205.242|Mr. AlistairItzak
339|Yankee|Scoffham|yscoffham9e@chronoengine.com|Male|200.243.69.126|Mr. YankeeScoffham
340|Blake|Janic|bjanic9f@arizona.edu|Female|244.2.202.158|Mrs. BlakeJanic
341|Lorine|Playdon|lplaydon9g@shutterfly.com|Female|156.18.40.77|Mrs. LorinePlaydon
342|Rutger|Ciccarello|rciccarello9h@eepurl.com|Male|110.126.57.32|Mr. RutgerCiccarello
343|Jocelyn|Hairyes|jhairyes9i@forbes.com|Female|10.14.5.167|Mrs. JocelynHairyes
344|Idell|Cogger|icogger9j@com.com|Female|253.18.68.25|Mrs. IdellCogger
345|Andee|Bircher|abircher9k@com.com|Female|15.31.18.152|Mrs. AndeeBircher
346|Vikki|Marco|vmarco9l@prlog.org|Female|110.106.155.153|Mrs. VikkiMarco
347|Marvin|Mettricke|mmettricke9m@google.com.br|Male|152.203.23.200|Mr. MarvinMettricke
""|Lemuel|Torrecilla|""|Male|143.42.59.237|Mr. LemuelTorrecilla
349|Lilith|Gomersall|lgomersall9o@alibaba.com|Female|244.164.184.13|Mrs. LilithGomersall
350|Alphard|Tarbet|atarbet9p@de.vu|Male|3.108.113.215|Mr. AlphardTarbet
351|Darin|Jannings|djannings9q@soundcloud.com|Male|23.172.27.35|Mr. DarinJannings
352|Isador|Pickrill|ipickrill9r@feedburner.com|Male|22.130.45.127|Mr. IsadorPickrill
353|Dareen|Bale|dbale9s@state.tx.us|Female|26.254.194.151|Mrs. DareenBale
354|Mackenzie|Jecock|mjecock9t@cyberchimps.com|Male|120.210.126.215|Mr. MackenzieJecock
355|Guinevere|Ridings|gridings9u@yale.edu|Female|220.149.90.112|Mrs. GuinevereRidings
356|Tonie|D'Agostino|tdagostino9v@bandcamp.com|Female|199.232.156.214|Mrs. TonieD'Agostino
357|Becky|Airlie|bairlie9w@jigsy.com|Female|96.234.182.123|Mrs. BeckyAirlie
358|Charmane|Swaite|cswaite9x@baidu.com|Female|184.69.195.150|Mrs. CharmaneSwaite
359|Ninnette|Liepina|nliepina9y@slashdot.org|Female|97.161.72.32|Mrs. NinnetteLiepina
360|Valma|Lorek|vlorek9z@samsung.com|Female|219.57.201.227|Mrs. ValmaLorek
361|Abie|Barus|abarusa0@wisc.edu|Male|214.61.248.99|Mr. AbieBarus
362|Siobhan|Riseborough|sriseborougha1@hp.com|Female|126.80.152.15|Mrs. SiobhanRiseborough
363|Kit|Rickett|kricketta2@hc360.com|Male|176.25.49.111|Mr. KitRickett
364|Ettore|Inchan|einchana3@jugem.jp|Male|232.25.58.18|Mr. EttoreInchan
365|Gwyn|Mousley|gmousleya4@networkadvertising.org|Female|249.148.148.115|Mrs. GwynMousley
366|Ambrosius|Stellin|astellina5@rediff.com|Male|89.200.199.167|Mr. AmbrosiusStellin
367|Graig|Le Blond|gleblonda6@irs.gov|Male|23.24.113.211|Mr. GraigLe Blond
368|Miner|Strathman|mstrathmana7@reuters.com|Male|109.110.86.91|Mr. MinerStrathman
369|Janis|Challice|jchallicea8@furl.net|Female|5.60.96.91|Mrs. JanisChallice
370|Carlye|Barkhouse|cbarkhousea9@unesco.org|Female|62.153.18.254|Mrs. CarlyeBarkhouse
371|Giorgi|Nielson|gnielsonaa@printfriendly.com|Male|9.24.241.71|Mr. GiorgiNielson
372|Karita|Balle|kballeab@shutterfly.com|Female|183.202.117.223|Mrs. KaritaBalle
373|Herold|McCurt|hmccurtac@seattletimes.com|Male|204.116.149.153|Mr. HeroldMcCurt
374|Lauren|Duthie|lduthiead@edublogs.org|Male|226.123.196.239|Mr. LaurenDuthie
375|Link|Geharke|lgeharkeae@timesonline.co.uk|Male|100.155.108.68|Mr. LinkGeharke
376|Maryanne|Phillps|mphillpsaf@fda.gov|Female|94.205.67.182|Mrs. MaryannePhillps
377|Mahmud|Garley|mgarleyag@aol.com|Male|98.139.96.30|Mr. MahmudGarley
378|Shurlock|Davitashvili|sdavitashviliah@npr.org|Male|111.166.25.208|Mr. ShurlockDavitashvili
379|Artemis|Draaisma|adraaismaai@netvibes.com|Male|20.78.220.101|Mr. ArtemisDraaisma
380|Lothaire|Hardin|lhardinaj@biglobe.ne.jp|Male|36.249.166.183|Mr. LothaireHardin
381|Elenore|Plitz|eplitzak@japanpost.jp|Female|77.99.14.34|Mrs. ElenorePlitz
382|Molly|Moisey|mmoiseyal@wikia.com|Female|170.32.12.62|Mrs. MollyMoisey
383|Veronica|Crothers|vcrothersam@discuz.net|Female|21.172.151.62|Mrs. VeronicaCrothers
384|Alberta|Elmes|aelmesan@purevolume.com|Female|180.115.201.112|Mrs. AlbertaElmes
385|Sherm|De Coursey|sdecourseyao@businessinsider.com|Male|138.213.199.199|Mr. ShermDe Coursey
386|Natty|Ponting|npontingap@accuweather.com|Male|214.189.232.200|Mr. NattyPonting
387|Anetta|Marzelo|amarzeloaq@wikimedia.org|Female|168.110.251.87|Mrs. AnettaMarzelo
388|Cobb|Rawcliffe|crawcliffear@home.pl|Male|109.193.15.120|Mr. CobbRawcliffe
389|Chloe|Magister|cmagisteras@devhub.com|Female|129.234.149.255|Mrs. ChloeMagister
""|Nobe|Graalman|""|Male|92.191.8.232|Mr. NobeGraalman
391|Sibilla|MacPhee|smacpheeau@ameblo.jp|Female|59.74.200.229|Mrs. SibillaMacPhee
392|Ephrem|Eliassen|eeliassenav@wufoo.com|Male|144.65.138.101|Mr. EphremEliassen
393|Iggie|Winchcomb|iwinchcombaw@people.com.cn|Male|226.141.17.128|Mr. IggieWinchcomb
394|Brit|Blomfield|bblomfieldax@over-blog.com|Male|18.149.247.62|Mr. BritBlomfield
395|Raymund|Richard|rricharday@paginegialle.it|Male|29.243.175.27|Mr. RaymundRichard
396|Hyacinthie|Lestrange|hlestrangeaz@tuttocitta.it|Female|235.82.161.174|Mrs. HyacinthieLestrange
397|Michal|Peskett|mpeskettb0@chicagotribune.com|Female|11.219.22.160|Mrs. MichalPeskett
398|Haily|Meehan|hmeehanb1@go.com|Female|6.104.180.48|Mrs. HailyMeehan
399|Willdon|Bidwell|wbidwellb2@sogou.com|Male|192.20.36.140|Mr. WilldonBidwell
400|Creighton|Sweatman|csweatmanb3@a8.net|Male|76.2.210.23|Mr. CreightonSweatman
401|Kata|Benger|kbengerb4@irs.gov|Female|40.23.227.78|Mrs. KataBenger
402|Joela|St. Quentin|jstquentinb5@skyrock.com|Female|39.47.63.42|Mrs. JoelaSt. Quentin
403|Fonsie|Eichmann|feichmannb6@addtoany.com|Male|214.243.26.109|Mr. FonsieEichmann
""|Conant|Hawler|""|Male|57.94.26.165|Mr. ConantHawler
""|Pat|Boyall|""|Male|149.142.229.83|Mr. PatBoyall
406|Berna|Bohey|bboheyb9@mediafire.com|Female|82.136.105.215|Mrs. BernaBohey
407|Elysia|Moatt|emoattba@google.nl|Female|117.224.208.176|Mrs. ElysiaMoatt
""|Garrard|Scoble|""|Male|122.211.196.104|Mr. GarrardScoble
409|Jarvis|Aicken|jaickenbc@youtube.com|Male|153.33.85.107|Mr. JarvisAicken
410|Ilyssa|Leathes|ileathesbd@live.com|Female|226.16.78.72|Mrs. IlyssaLeathes
411|Jo-ann|Langford|jlangfordbe@parallels.com|Female|255.79.181.227|Mrs. Jo-annLangford
412|Carmine|Denisovich|cdenisovichbf@sourceforge.net|Male|225.141.215.79|Mr. CarmineDenisovich
413|Elliot|Orwin|eorwinbg@acquirethisname.com|Male|127.101.170.117|Mr. ElliotOrwin
414|Kirsteni|De Lorenzo|kdelorenzobh@engadget.com|Female|45.130.228.138|Mrs. KirsteniDe Lorenzo
415|Denise|Stummeyer|dstummeyerbi@dot.gov|Female|180.105.67.127|Mrs. DeniseStummeyer
416|Kippar|Kee|kkeebj@state.tx.us|Male|248.72.35.234|Mr. KipparKee
417|Rebbecca|Delmage|rdelmagebk@printfriendly.com|Female|194.27.238.52|Mrs. RebbeccaDelmage
418|Ryley|Reilly|rreillybl@aboutads.info|Male|248.30.24.186|Mr. RyleyReilly
419|Cordelie|Leppington|cleppingtonbm@edublogs.org|Female|79.130.78.141|Mrs. CordelieLeppington
420|Chiarra|Lound|cloundbn@harvard.edu|Female|114.175.185.219|Mrs. ChiarraLound
421|Mayne|McEniry|mmcenirybo@fc2.com|Male|113.52.122.35|Mr. MayneMcEniry
422|Moise|McGovern|mmcgovernbp@sogou.com|Male|87.209.98.244|Mr. MoiseMcGovern
423|Evelin|Gates|egatesbq@cocolog-nifty.com|Male|15.104.43.244|Mr. EvelinGates
424|Lucien|Hanway|lhanwaybr@miitbeian.gov.cn|Male|123.91.215.182|Mr. LucienHanway
425|Padriac|Pateman|ppatemanbs@answers.com|Male|29.236.86.80|Mr. PadriacPateman
426|Haze|Gallear|hgallearbt@chron.com|Male|231.19.67.174|Mr. HazeGallear
427|Corry|Jirzik|cjirzikbu@ask.com|Female|188.8.223.52|Mrs. CorryJirzik
428|Carolina|Leipnik|cleipnikbv@huffingtonpost.com|Female|83.181.140.205|Mrs. CarolinaLeipnik
429|Thayne|Fri|tfribw@networksolutions.com|Male|250.41.46.220|Mr. ThayneFri
430|Daria|O'Cahsedy|docahsedybx@un.org|Female|37.49.206.200|Mrs. DariaO'Cahsedy
431|Garey|Phorsby|gphorsbyby@scientificamerican.com|Male|176.184.222.35|Mr. GareyPhorsby
432|Lazaro|Ladon|lladonbz@imdb.com|Male|116.214.243.38|Mr. LazaroLadon
433|Leicester|Taberner|ltabernerc0@usgs.gov|Male|187.74.96.159|Mr. LeicesterTaberner
434|Sheila|Polley|spolleyc1@pinterest.com|Female|194.145.112.229|Mrs. SheilaPolley
435|Jules|Dmitrievski|jdmitrievskic2@hp.com|Male|46.31.110.52|Mr. JulesDmitrievski
436|Francklyn|Sames|fsamesc3@moonfruit.com|Male|218.194.106.185|Mr. FrancklynSames
437|Freddy|Landrean|flandreanc4@xrea.com|Female|21.47.12.67|Mrs. FreddyLandrean
438|Jourdan|Jermin|jjerminc5@sun.com|Female|147.217.121.76|Mrs. JourdanJermin
439|Kally|Powell|kpowellc6@1688.com|Female|116.166.48.1|Mrs. KallyPowell
440|Alphonse|Poulglais|apoulglaisc7@google.co.jp|Male|24.113.17.8|Mr. AlphonsePoulglais
441|Yvon|Hacon|yhaconc8@cmu.edu|Male|24.219.196.107|Mr. YvonHacon
442|Marcelo|Ocklin|mocklinc9@bbb.org|Male|114.126.216.217|Mr. MarceloOcklin
443|Rafi|Dietzler|rdietzlerca@washingtonpost.com|Male|119.191.186.48|Mr. RafiDietzler
444|Cory|Langtry|clangtrycb@infoseek.co.jp|Male|92.236.57.222|Mr. CoryLangtry
445|Daveta|Andrzejewski|dandrzejewskicc@so-net.ne.jp|Female|160.229.109.54|Mrs. DavetaAndrzejewski
446|Gaultiero|Cuschieri|gcuschiericd@google.pl|Male|70.66.86.106|Mr. GaultieroCuschieri
447|Brooks|Meates|bmeatesce@goodreads.com|Female|230.168.132.10|Mrs. BrooksMeates
448|Chelsie|Hazeldene|chazeldenecf@sina.com.cn|Female|35.157.192.231|Mrs. ChelsieHazeldene
449|Phillis|Bold|pboldcg@theatlantic.com|Female|252.107.27.137|Mrs. PhillisBold
450|Erin|Harrowell|eharrowellch@blogtalkradio.com|Male|122.213.79.119|Mr. ErinHarrowell
451|Elga|Ovid|eovidci@live.com|Female|3.36.167.15|Mrs. ElgaOvid
452|Duky|Domek|ddomekcj@google.fr|Male|18.141.58.15|Mr. DukyDomek
453|Adelbert|Demangel|ademangelck@foxnews.com|Male|159.42.69.184|Mr. AdelbertDemangel
454|Beale|Everton|bevertoncl@prweb.com|Male|81.218.28.91|Mr. BealeEverton
455|Sindee|Poluzzi|spoluzzicm@about.me|Female|201.122.217.223|Mrs. SindeePoluzzi
456|Warner|Kehri|wkehricn@digg.com|Male|166.129.242.239|Mr. WarnerKehri
""|Sansone|Gravy|""|Male|185.51.99.55|Mr. SansoneGravy
458|Verene|Payn|vpayncp@oakley.com|Female|132.212.99.234|Mrs. VerenePayn
459|Fianna|Bosse|fbossecq@wikia.com|Female|68.98.74.59|Mrs. FiannaBosse
460|Troy|Sacase|tsacasecr@japanpost.jp|Male|139.8.247.181|Mr. TroySacase
461|Victoir|Millership|vmillershipcs@tumblr.com|Male|198.46.212.190|Mr. VictoirMillership
462|Ulick|MacManus|umacmanusct@theguardian.com|Male|119.2.114.24|Mr. UlickMacManus
463|Kimberly|Cinavas|kcinavascu@constantcontact.com|Female|77.253.90.136|Mrs. KimberlyCinavas
464|Cherrita|Duckett|cduckettcv@gravatar.com|Female|21.210.68.249|Mrs. CherritaDuckett
465|Sybille|Arent|sarentcw@youku.com|Female|152.136.7.80|Mrs. SybilleArent
466|Carla|Axtell|caxtellcx@sfgate.com|Female|152.49.43.27|Mrs. CarlaAxtell
""|Harmony|Castenda|""|Female|166.71.133.221|Mrs. HarmonyCastenda
468|Cinderella|Cawthra|ccawthracz@cloudflare.com|Female|139.185.132.46|Mrs. CinderellaCawthra
469|Danna|Fry|dfryd0@icq.com|Female|160.222.242.93|Mrs. DannaFry
470|Trenton|Oggers|toggersd1@symantec.com|Male|181.107.112.250|Mr. TrentonOggers
471|Dru|Harker|dharkerd2@gmpg.org|Male|97.239.177.192|Mr. DruHarker
472|Leigh|Coldbathe|lcoldbathed3@adobe.com|Male|41.197.245.229|Mr. LeighColdbathe
473|Kaspar|Wyness|kwynessd4@vimeo.com|Male|195.137.180.100|Mr. KasparWyness
474|Ambrosius|Frankcombe|afrankcombed5@purevolume.com|Male|93.201.68.152|Mr. AmbrosiusFrankcombe
475|Christophe|Augustus|caugustusd6@youtube.com|Male|151.181.230.96|Mr. ChristopheAugustus
476|Otis|Hyett|ohyettd7@marriott.com|Male|194.70.107.38|Mr. OtisHyett
477|Aleece|Savin|asavind8@printfriendly.com|Female|226.55.87.0|Mrs. AleeceSavin
478|Lacy|Jennison|ljennisond9@bloglovin.com|Female|209.25.87.17|Mrs. LacyJennison
479|Amargo|Jurzyk|ajurzykda@qq.com|Female|176.82.204.18|Mrs. AmargoJurzyk
480|Trudey|Petchell|tpetchelldb@timesonline.co.uk|Female|25.180.217.203|Mrs. TrudeyPetchell
481|Em|Castellaccio|ecastellacciodc@psu.edu|Female|107.81.229.88|Mrs. EmCastellaccio
482|Moishe|Bannard|mbannarddd@fda.gov|Male|120.103.238.4|Mr. MoisheBannard
483|Geordie|Carlon|gcarlonde@baidu.com|Male|16.8.85.206|Mr. GeordieCarlon
484|Nicola|Lanning|nlanningdf@timesonline.co.uk|Female|219.217.62.225|Mrs. NicolaLanning
485|Kele|Broxton|kbroxtondg@networksolutions.com|Male|4.252.136.9|Mr. KeleBroxton
486|Erl|Ede|eededh@rambler.ru|Male|27.16.78.198|Mr. ErlEde
487|Cordula|Duran|cdurandi@ft.com|Female|102.115.143.165|Mrs. CordulaDuran
488|Shina|Meigh|smeighdj@utexas.edu|Female|0.178.57.64|Mrs. ShinaMeigh
489|Hermine|Foot|hfootdk@sbwire.com|Female|81.29.200.215|Mrs. HermineFoot
490|Philipa|Bracco|pbraccodl@google.ca|Female|33.129.220.106|Mrs. PhilipaBracco
""|Berta|Autie|""|Female|220.230.203.152|Mrs. BertaAutie
492|Steffen|Aronson|saronsondn@nih.gov|Male|75.164.109.102|Mr. SteffenAronson
493|Florencia|Curnnokk|fcurnnokkdo@csmonitor.com|Female|137.206.218.251|Mrs. FlorenciaCurnnokk
494|Luigi|Hourihane|lhourihanedp@engadget.com|Male|10.240.111.41|Mr. LuigiHourihane
495|Maurise|Rooper|mrooperdq@hao123.com|Male|245.227.110.207|Mr. MauriseRooper
496|Marco|Vassman|mvassmandr@wikia.com|Male|82.143.183.175|Mr. MarcoVassman
497|Lorrie|Huckle|lhuckleds@usatoday.com|Female|254.57.254.45|Mrs. LorrieHuckle
498|Tilda|Maplesden|tmaplesdendt@github.io|Female|113.101.187.146|Mrs. TildaMaplesden
499|Augustus|Purdon|apurdondu@techcrunch.com|Male|89.31.75.75|Mr. AugustusPurdon
500|Veronike|Rumgay|vrumgaydv@un.org|Female|247.53.153.226|Mrs. VeronikeRumgay
501|Jilleen|Rawling|jrawlingdw@aboutads.info|Female|202.95.212.8|Mrs. JilleenRawling
502|Gavra|Tindall|gtindalldx@google.com|Female|37.92.251.54|Mrs. GavraTindall
503|Lyn|Ayre|layredy@vk.com|Female|163.195.152.145|Mrs. LynAyre
""|Constantin|MacAdam|""|Male|181.175.232.183|Mr. ConstantinMacAdam
505|Christophorus|Dik|cdike0@eventbrite.com|Male|103.186.132.6|Mr. ChristophorusDik
""|Kerk|Realph|""|Male|97.11.198.152|Mr. KerkRealph
507|Si|Cockarill|scockarille2@columbia.edu|Male|187.60.199.126|Mr. SiCockarill
508|Towney|Spatoni|tspatonie3@nsw.gov.au|Male|201.96.218.75|Mr. TowneySpatoni
509|Arlana|Carn|acarne4@amazon.co.uk|Female|197.249.174.83|Mrs. ArlanaCarn
510|Wynn|Kilcoyne|wkilcoynee5@a8.net|Male|95.53.62.169|Mr. WynnKilcoyne
511|Kayley|Fassan|kfassane6@bigcartel.com|Female|8.76.118.144|Mrs. KayleyFassan
512|Josepha|Oxburgh|joxburghe7@networkadvertising.org|Female|214.47.116.25|Mrs. JosephaOxburgh
513|Rufe|Currum|rcurrume8@exblog.jp|Male|161.175.67.211|Mr. RufeCurrum
514|Terese|Brewins|tbrewinse9@istockphoto.com|Female|162.17.72.122|Mrs. TereseBrewins
515|Monica|Regglar|mregglarea@w3.org|Female|11.180.51.108|Mrs. MonicaRegglar
516|Melly|MacLure|mmaclureeb@ebay.co.uk|Female|50.155.102.192|Mrs. MellyMacLure
517|Forrest|Oldnall|foldnallec@cam.ac.uk|Male|5.110.144.174|Mr. ForrestOldnall
518|Broddy|Dudden|bduddened@wiley.com|Male|242.48.198.195|Mr. BroddyDudden
519|Sanson|Zack|szackee@nih.gov|Male|61.14.203.246|Mr. SansonZack
520|Dee|Bohman|dbohmanef@plala.or.jp|Female|91.40.91.205|Mrs. DeeBohman
521|Carter|Wraight|cwraighteg@japanpost.jp|Male|68.29.102.244|Mr. CarterWraight
522|Barnabe|Kinder|bkindereh@istockphoto.com|Male|221.157.12.157|Mr. BarnabeKinder
523|Seline|McPhillimey|smcphillimeyei@home.pl|Female|243.248.180.202|Mrs. SelineMcPhillimey
524|Clemmy|Aynold|caynoldej@hp.com|Male|175.147.83.146|Mr. ClemmyAynold
525|Rosette|Chance|rchanceek@wired.com|Female|135.145.80.65|Mrs. RosetteChance
526|Mechelle|Scandroot|mscandrootel@google.com.hk|Female|211.64.194.229|Mrs. MechelleScandroot
527|Olivia|Vitall|ovitallem@ft.com|Female|89.112.55.3|Mrs. OliviaVitall
528|Jeannie|Chatell|jchatellen@java.com|Female|205.209.148.73|Mrs. JeannieChatell
""|Mersey|Edgeworth|""|Female|94.248.246.40|Mrs. MerseyEdgeworth
530|Fairlie|Caldero|fcalderoep@bigcartel.com|Male|8.168.138.90|Mr. FairlieCaldero
531|Yetta|Esherwood|yesherwoodeq@economist.com|Female|184.51.239.203|Mrs. YettaEsherwood
532|Nikolos|Gresswell|ngressweller@google.co.uk|Male|170.123.209.33|Mr. NikolosGresswell
533|Timi|Alen|talenes@amazon.co.uk|Female|120.185.54.67|Mrs. TimiAlen
534|Beatriz|Stable|bstableet@amazon.co.jp|Female|80.180.8.33|Mrs. BeatrizStable
535|Vergil|Harraway|vharrawayeu@dropbox.com|Male|90.50.158.243|Mr. VergilHarraway
536|Georgine|Leborgne|gleborgneev@weebly.com|Female|184.216.15.240|Mrs. GeorgineLeborgne
""|Gan|Niezen|""|Male|215.217.232.168|Mr. GanNiezen
538|Kale|Sweatman|ksweatmanex@feedburner.com|Male|248.114.33.250|Mr. KaleSweatman
539|Ingrim|Snare|isnareey@dedecms.com|Male|53.202.177.246|Mr. IngrimSnare
540|Marlene|Dallaway|mdallawayez@senate.gov|Female|48.25.92.122|Mrs. MarleneDallaway
541|Kenny|Olivella|kolivellaf0@goodreads.com|Male|142.29.206.182|Mr. KennyOlivella
542|Masha|MacGahy|mmacgahyf1@unc.edu|Female|121.190.82.161|Mrs. MashaMacGahy
543|Natasha|Tern|nternf2@earthlink.net|Female|133.220.70.79|Mrs. NatashaTern
544|Wayland|Percifer|wperciferf3@webmd.com|Male|240.89.90.51|Mr. WaylandPercifer
545|Zoe|Owers|zowersf4@buzzfeed.com|Female|248.125.131.195|Mrs. ZoeOwers
546|Jerad|O'Hartagan|johartaganf5@amazonaws.com|Male|141.139.136.35|Mr. JeradO'Hartagan
547|Burt|Harcase|bharcasef6@behance.net|Male|77.119.89.54|Mr. BurtHarcase
548|Stephine|Grene|sgrenef7@hugedomains.com|Female|32.108.69.90|Mrs. StephineGrene
549|Angel|Garrick|agarrickf8@netscape.com|Male|125.247.217.0|Mr. AngelGarrick
""|Sonnie|Jenkinson|""|Male|45.54.66.84|Mr. SonnieJenkinson
551|Lena|Shoard|lshoardfa@shinystat.com|Female|109.248.231.171|Mrs. LenaShoard
552|Spenser|Whitelock|swhitelockfb@wikispaces.com|Male|211.196.57.84|Mr. SpenserWhitelock
553|Toddie|McCorrie|tmccorriefc@si.edu|Male|251.156.254.198|Mr. ToddieMcCorrie
554|Mikel|Barke|mbarkefd@t.co|Male|61.91.171.64|Mr. MikelBarke
555|Pattin|Adamski|padamskife@list-manage.com|Male|139.163.169.147|Mr. PattinAdamski
556|Mallory|Peniello|mpenielloff@oracle.com|Male|254.37.135.90|Mr. MalloryPeniello
557|Merwin|McCullough|mmcculloughfg@exblog.jp|Male|161.21.136.167|Mr. MerwinMcCullough
558|Shea|Jordanson|sjordansonfh@biglobe.ne.jp|Male|154.225.197.104|Mr. SheaJordanson
""|Homerus|Hirjak|""|Male|119.54.157.162|Mr. HomerusHirjak
560|Ludvig|Threader|lthreaderfj@facebook.com|Male|213.95.203.99|Mr. LudvigThreader
561|Alain|Rableau|arableaufk@domainmarket.com|Male|6.197.34.56|Mr. AlainRableau
562|Beryl|Gowman|bgowmanfl@sbwire.com|Female|214.211.74.42|Mrs. BerylGowman
563|Booth|Forth|bforthfm@nature.com|Male|85.153.124.145|Mr. BoothForth
564|Phillipp|Phillcox|pphillcoxfn@ted.com|Male|185.159.216.192|Mr. PhillippPhillcox
565|Stephine|Faragan|sfaraganfo@rambler.ru|Female|219.190.73.250|Mrs. StephineFaragan
566|Romain|Coslett|rcoslettfp@xing.com|Male|198.200.245.58|Mr. RomainCoslett
567|Ruby|Idale|ridalefq@amazon.co.uk|Male|184.71.148.213|Mr. RubyIdale
""|Angeli|Rosengart|""|Male|222.198.68.68|Mr. AngeliRosengart
569|Ty|Branchet|tbranchetfs@ning.com|Male|34.231.77.150|Mr. TyBranchet
570|Nial|Birkin|nbirkinft@economist.com|Male|203.250.246.48|Mr. NialBirkin
571|Galina|Hawkett|ghawkettfu@example.com|Female|0.143.46.213|Mrs. GalinaHawkett
572|Ced|Dows|cdowsfv@npr.org|Male|157.97.157.45|Mr. CedDows
573|Skipp|Boaler|sboalerfw@vistaprint.com|Male|189.208.224.72|Mr. SkippBoaler
574|Lacey|Hof|lhoffx@purevolume.com|Female|56.216.44.176|Mrs. LaceyHof
""|Jeramie|Aucutt|""|Male|196.89.28.238|Mr. JeramieAucutt
576|Leonardo|Slaten|lslatenfz@ox.ac.uk|Male|141.255.115.254|Mr. LeonardoSlaten
577|Caresse|Thelwll|cthelwllg0@prnewswire.com|Female|8.176.32.116|Mrs. CaresseThelwll
578|Blakelee|Issard|bissardg1@earthlink.net|Female|36.125.135.158|Mrs. BlakeleeIssard
579|Charmain|Thomlinson|cthomlinsong2@phpbb.com|Female|191.200.137.30|Mrs. CharmainThomlinson
580|Shannon|Gouldie|sgouldieg3@pcworld.com|Female|116.15.117.244|Mrs. ShannonGouldie
581|Amelie|Snozzwell|asnozzwellg4@quantcast.com|Female|102.135.167.215|Mrs. AmelieSnozzwell
582|Bradford|Chessill|bchessillg5@comsenz.com|Male|171.21.224.255|Mr. BradfordChessill
583|Vinnie|Pickervance|vpickervanceg6@pcworld.com|Male|147.13.55.124|Mr. VinniePickervance
584|Sheila-kathryn|Kenshole|skensholeg7@amazon.co.uk|Female|21.126.85.56|Mrs. Sheila-kathrynKenshole
585|Garrott|Patron|gpatrong8@moonfruit.com|Male|174.156.117.51|Mr. GarrottPatron
586|Claudetta|Lincey|clinceyg9@msu.edu|Female|131.248.96.248|Mrs. ClaudettaLincey
587|Dalenna|Stannas|dstannasga@cargocollective.com|Female|138.111.100.200|Mrs. DalennaStannas
588|Emily|O' Kelleher|eokellehergb@amazonaws.com|Female|207.158.140.189|Mrs. EmilyO' Kelleher
589|Phoebe|Goodger|pgoodgergc@ucoz.com|Female|56.139.201.140|Mrs. PhoebeGoodger
590|Chariot|Isted|cistedgd@umich.edu|Male|56.253.231.173|Mr. ChariotIsted
591|Bear|Crichten|bcrichtenge@dailymotion.com|Male|35.227.231.235|Mr. BearCrichten
592|Beniamino|Gealle|bgeallegf@abc.net.au|Male|84.64.219.189|Mr. BeniaminoGealle
593|Bendicty|Grabham|bgrabhamgg@a8.net|Male|201.229.251.177|Mr. BendictyGrabham
594|Georgeanna|Trimnell|gtrimnellgh@nytimes.com|Female|31.200.90.88|Mrs. GeorgeannaTrimnell
595|Cheri|Dimitresco|cdimitrescogi@mozilla.com|Female|255.73.170.63|Mrs. CheriDimitresco
596|Wendel|Stonebridge|wstonebridgegj@creativecommons.org|Male|143.228.234.196|Mr. WendelStonebridge
""|Jeremy|Edensor|""|Male|15.89.222.33|Mr. JeremyEdensor
598|Anne-corinne|Furby|afurbygl@over-blog.com|Female|48.8.149.237|Mrs. Anne-corinneFurby
""|Sile|Andras|""|Female|194.93.48.250|Mrs. SileAndras
600|Amalita|Clare|aclaregn@java.com|Female|221.152.244.180|Mrs. AmalitaClare
601|Stephani|Lavell|slavellgo@networksolutions.com|Female|95.238.241.174|Mrs. StephaniLavell
602|Obadiah|Farrear|ofarreargp@reference.com|Male|17.218.103.72|Mr. ObadiahFarrear
603|Miller|Lehrian|mlehriangq@msn.com|Male|245.221.119.203|Mr. MillerLehrian
604|Inglebert|Pock|ipockgr@shop-pro.jp|Male|137.27.121.224|Mr. InglebertPock
605|Armando|Beggin|abeggings@yahoo.com|Male|69.178.197.189|Mr. ArmandoBeggin
""|Tonia|McQuaide|""|Female|144.8.168.235|Mrs. ToniaMcQuaide
607|Nat|Rimer|nrimergu@economist.com|Female|210.101.142.146|Mrs. NatRimer
608|Arliene|Sturch|asturchgv@usnews.com|Female|130.157.194.35|Mrs. ArlieneSturch
609|Todd|St. John|tstjohngw@alexa.com|Male|83.38.62.219|Mr. ToddSt. John
""|Brooks|Varcoe|""|Male|122.252.123.164|Mr. BrooksVarcoe
611|Jake|Gerald|jgeraldgy@senate.gov|Male|62.92.200.177|Mr. JakeGerald
612|Rianon|Godman|rgodmangz@studiopress.com|Female|152.171.124.63|Mrs. RianonGodman
613|Jaye|Bulfoot|jbulfooth0@tumblr.com|Male|88.108.36.195|Mr. JayeBulfoot
614|Katrina|Berwick|kberwickh1@sohu.com|Female|164.46.24.47|Mrs. KatrinaBerwick
615|Hallsy|Netley|hnetleyh2@cnet.com|Male|170.102.146.251|Mr. HallsyNetley
616|Manny|Smowton|msmowtonh3@dagondesign.com|Male|181.49.18.218|Mr. MannySmowton
617|Winni|Gallyhaock|wgallyhaockh4@homestead.com|Female|209.24.152.167|Mrs. WinniGallyhaock
618|Leland|Stalley|lstalleyh5@about.com|Female|182.209.10.144|Mrs. LelandStalley
619|Torre|Cowper|tcowperh6@parallels.com|Male|41.59.239.14|Mr. TorreCowper
""|Christye|Colcutt|""|Female|26.177.62.144|Mrs. ChristyeColcutt
621|Colver|Hauger|chaugerh8@php.net|Male|217.13.247.170|Mr. ColverHauger
622|Benni|McLarnon|bmclarnonh9@lulu.com|Female|22.38.189.84|Mrs. BenniMcLarnon
623|Joy|Tweede|jtweedeha@loc.gov|Female|30.98.172.228|Mrs. JoyTweede
624|Carlyle|Brealey|cbrealeyhb@toplist.cz|Male|73.126.54.238|Mr. CarlyleBrealey
625|Curtice|Taylour|ctaylourhc@mysql.com|Male|153.71.226.195|Mr. CurticeTaylour
""|Honor|Strowther|""|Female|140.208.84.15|Mrs. HonorStrowther
627|Elsi|Trillo|etrillohe@utexas.edu|Female|245.37.16.66|Mrs. ElsiTrillo
628|Olly|Brazear|obrazearhf@mysql.com|Male|129.11.218.236|Mr. OllyBrazear
629|Meyer|Nemchinov|mnemchinovhg@meetup.com|Male|145.98.209.253|Mr. MeyerNemchinov
630|Aksel|Ruit|aruithh@sfgate.com|Male|117.153.179.46|Mr. AkselRuit
631|Berrie|Fallon|bfallonhi@ft.com|Female|229.210.59.51|Mrs. BerrieFallon
632|Osgood|Allsworth|oallsworthhj@ibm.com|Male|78.17.239.192|Mr. OsgoodAllsworth
633|Thatcher|Cadge|tcadgehk@nature.com|Male|2.5.135.46|Mr. ThatcherCadge
634|Esmeralda|McGall|emcgallhl@salon.com|Female|69.184.225.23|Mrs. EsmeraldaMcGall
""|Marita|Fero|""|Female|199.82.194.72|Mrs. MaritaFero
636|Nedda|Becom|nbecomhn@wisc.edu|Female|200.110.54.58|Mrs. NeddaBecom
637|Simeon|Kinmond|skinmondho@ed.gov|Male|27.198.228.191|Mr. SimeonKinmond
638|Megan|Adamkiewicz|madamkiewiczhp@slideshare.net|Female|136.24.36.80|Mrs. MeganAdamkiewicz
639|Gretel|Tizard|gtizardhq@sciencedaily.com|Female|33.64.103.174|Mrs. GretelTizard
640|Aldridge|Coots|acootshr@yolasite.com|Male|72.163.143.80|Mr. AldridgeCoots
641|Danita|Welbourn|dwelbournhs@g.co|Female|102.218.202.14|Mrs. DanitaWelbourn
642|Delainey|Portwaine|dportwaineht@harvard.edu|Male|97.27.2.209|Mr. DelaineyPortwaine
643|Jackquelin|Le Blanc|jleblanchu@jimdo.com|Female|180.247.3.9|Mrs. JackquelinLe Blanc
644|Tobias|Feacham|tfeachamhv@blogger.com|Male|53.186.226.28|Mr. TobiasFeacham
645|Lazare|Shane|lshanehw@disqus.com|Male|163.62.96.144|Mr. LazareShane
646|Elisabet|Cowpe|ecowpehx@bbc.co.uk|Female|249.37.251.37|Mrs. ElisabetCowpe
647|Micheil|Cromb|mcrombhy@yellowpages.com|Male|131.170.142.41|Mr. MicheilCromb
648|Andrei|Roelvink|aroelvinkhz@a8.net|Female|163.128.153.146|Mrs. AndreiRoelvink
649|Irina|Bastide|ibastidei0@linkedin.com|Female|183.122.138.146|Mrs. IrinaBastide
650|Almeda|Jachimczak|ajachimczaki1@4shared.com|Female|79.133.120.242|Mrs. AlmedaJachimczak
651|Faun|Hamer|fhameri2@trellian.com|Female|174.12.191.7|Mrs. FaunHamer
652|Cassius|Sparrowe|csparrowei3@dmoz.org|Male|80.164.53.123|Mr. CassiusSparrowe
""|Gunter|Mingard|""|Male|113.149.76.84|Mr. GunterMingard
654|Lothario|Ralling|lrallingi5@addthis.com|Male|25.121.15.122|Mr. LotharioRalling
655|Silvan|Le feuvre|slefeuvrei6@google.ca|Male|125.17.232.141|Mr. SilvanLe feuvre
656|Renado|Nock|rnocki7@xrea.com|Male|212.38.194.240|Mr. RenadoNock
657|Bernice|Vasilov|bvasilovi8@elegantthemes.com|Female|119.179.115.138|Mrs. BerniceVasilov
658|Thorpe|Stradling|tstradlingi9@hc360.com|Male|114.58.113.253|Mr. ThorpeStradling
659|Laureen|Hastwell|lhastwellia@opera.com|Female|76.112.88.27|Mrs. LaureenHastwell
660|Clywd|Peoples|cpeoplesib@acquirethisname.com|Male|3.71.238.8|Mr. ClywdPeoples
661|Riley|Deares|rdearesic@cisco.com|Male|66.227.236.205|Mr. RileyDeares
""|Kenna|Spriddle|""|Female|156.15.196.32|Mrs. KennaSpriddle
663|Suzanne|Raylton|srayltonie@free.fr|Female|227.103.79.243|Mrs. SuzanneRaylton
664|Henry|Bergeau|hbergeauif@technorati.com|Male|150.124.190.102|Mr. HenryBergeau
665|Trevar|Gramer|tgramerig@icio.us|Male|160.147.79.55|Mr. TrevarGramer
666|Templeton|Sommerville|tsommervilleih@github.com|Male|219.125.202.186|Mr. TempletonSommerville
667|Crosby|Jakobssen|cjakobssenii@bravesites.com|Male|119.15.75.209|Mr. CrosbyJakobssen
668|Hannah|Heathfield|hheathfieldij@tiny.cc|Female|192.63.6.80|Mrs. HannahHeathfield
669|Averil|Sperry|asperryik@storify.com|Male|215.35.74.181|Mr. AverilSperry
670|Emmaline|Heis|eheisil@ucoz.ru|Female|105.90.53.155|Mrs. EmmalineHeis
671|Artemus|Kelinge|akelingeim@pbs.org|Male|64.180.136.112|Mr. ArtemusKelinge
672|Helaine|Gelly|hgellyin@amazon.com|Female|97.134.194.153|Mrs. HelaineGelly
673|Estele|Simmance|esimmanceio@cafepress.com|Female|205.134.213.110|Mrs. EsteleSimmance
674|Gayle|Gillford|ggillfordip@deviantart.com|Female|213.134.16.133|Mrs. GayleGillford
675|Nixie|Cattini|ncattiniiq@godaddy.com|Female|157.34.103.243|Mrs. NixieCattini
676|Lutero|Bosche|lboscheir@hhs.gov|Male|182.58.208.236|Mr. LuteroBosche
677|Joby|Gilks|jgilksis@nbcnews.com|Female|246.37.232.3|Mrs. JobyGilks
678|Jenilee|Zmitruk|jzmitrukit@fda.gov|Female|246.110.247.74|Mrs. JenileeZmitruk
679|Beatriz|Simionescu|bsimionescuiu@eventbrite.com|Female|98.192.62.174|Mrs. BeatrizSimionescu
680|Berne|Scurrell|bscurrelliv@tmall.com|Male|133.224.157.103|Mr. BerneScurrell
681|Wilie|Fantin|wfantiniw@craigslist.org|Female|54.72.113.203|Mrs. WilieFantin
682|Sheelah|Kindley|skindleyix@mayoclinic.com|Female|210.36.119.180|Mrs. SheelahKindley
683|Elke|Benjafield|ebenjafieldiy@hud.gov|Female|126.253.18.48|Mrs. ElkeBenjafield
684|Lura|Lippiatt|llippiattiz@bbc.co.uk|Female|120.176.198.174|Mrs. LuraLippiatt
685|Rudyard|Gant|rgantj0@imageshack.us|Male|246.163.113.233|Mr. RudyardGant
686|Tabitha|Jean|tjeanj1@eventbrite.com|Female|163.166.210.138|Mrs. TabithaJean
687|Alvy|Wilmot|awilmotj2@sbwire.com|Male|222.61.149.209|Mr. AlvyWilmot
688|Stephanus|Kitchenham|skitchenhamj3@bloglovin.com|Male|195.116.168.240|Mr. StephanusKitchenham
689|Valerye|Grayham|vgrayhamj4@discovery.com|Female|251.58.35.212|Mrs. ValeryeGrayham
690|Wanda|Geindre|wgeindrej5@1und1.de|Female|40.244.10.135|Mrs. WandaGeindre
691|Colly|Sherwen|csherwenj6@ezinearticles.com|Female|249.240.163.114|Mrs. CollySherwen
""|Stephenie|Kilpin|""|Female|53.48.126.221|Mrs. StephenieKilpin
693|Bonnibelle|Forsard|bforsardj8@ocn.ne.jp|Female|78.65.179.42|Mrs. BonnibelleForsard
694|Nertie|Nary|nnaryj9@altervista.org|Female|197.176.224.27|Mrs. NertieNary
695|Dorena|Hallet|dhalletja@stumbleupon.com|Female|51.56.161.50|Mrs. DorenaHallet
696|Homere|Seage|hseagejb@cargocollective.com|Male|1.183.248.133|Mr. HomereSeage
697|Robert|Snashall|rsnashalljc@goo.ne.jp|Male|237.38.158.35|Mr. RobertSnashall
698|Edin|Baudoux|ebaudouxjd@irs.gov|Female|241.36.5.136|Mrs. EdinBaudoux
699|Aldwin|Gionettitti|agionettittije@dailymail.co.uk|Male|171.43.147.114|Mr. AldwinGionettitti
700|Juline|Chree|jchreejf@nba.com|Female|202.186.39.153|Mrs. JulineChree
""|Franny|Izon|""|Male|208.180.70.208|Mr. FrannyIzon
702|Major|Castelletto|mcastellettojh@google.de|Male|63.33.69.66|Mr. MajorCastelletto
703|Odele|Choulerton|ochoulertonji@theglobeandmail.com|Female|21.2.21.155|Mrs. OdeleChoulerton
704|Felic|Pagel|fpageljj@g.co|Male|29.3.161.120|Mr. FelicPagel
""|Irita|Folli|""|Female|7.217.3.163|Mrs. IritaFolli
""|Arni|Bicknell|""|Male|2.36.39.39|Mr. ArniBicknell
707|Frasier|Fauning|ffauningjm@princeton.edu|Male|139.103.58.188|Mr. FrasierFauning
708|Charity|Renac|crenacjn@bluehost.com|Female|38.1.233.106|Mrs. CharityRenac
709|Ev|Francesco|efrancescojo@mac.com|Male|33.9.62.189|Mr. EvFrancesco
710|Allx|Orrice|aorricejp@xing.com|Female|206.162.91.197|Mrs. AllxOrrice
711|Krystyna|Giannini|kgianninijq@gmpg.org|Female|75.55.170.169|Mrs. KrystynaGiannini
712|Saxe|O'Scollain|soscollainjr@dmoz.org|Male|31.217.223.28|Mr. SaxeO'Scollain
713|Peggie|Acosta|pacostajs@nature.com|Female|202.104.193.155|Mrs. PeggieAcosta
714|Arabel|Stanney|astanneyjt@theglobeandmail.com|Female|31.243.183.176|Mrs. ArabelStanney
715|Peder|Truwert|ptruwertju@twitter.com|Male|202.76.53.75|Mr. PederTruwert
716|Lynette|Bleacher|lbleacherjv@twitter.com|Female|162.117.47.178|Mrs. LynetteBleacher
717|Vernon|D'Acth|vdacthjw@census.gov|Male|23.125.32.168|Mr. VernonD'Acth
718|Boniface|Letts|blettsjx@illinois.edu|Male|17.34.81.189|Mr. BonifaceLetts
719|Gerladina|Wickling|gwicklingjy@ucoz.com|Female|219.131.60.132|Mrs. GerladinaWickling
720|Bendix|Malbon|bmalbonjz@imgur.com|Male|247.142.160.159|Mr. BendixMalbon
721|Codie|Starzaker|cstarzakerk0@cbsnews.com|Female|137.41.253.39|Mrs. CodieStarzaker
722|Maryann|Sallery|msalleryk1@stanford.edu|Female|25.97.147.255|Mrs. MaryannSallery
723|Alexandra|Chue|achuek2@theatlantic.com|Female|33.30.9.147|Mrs. AlexandraChue
724|Allayne|Donaho|adonahok3@ucoz.ru|Male|127.95.254.32|Mr. AllayneDonaho
725|Ryan|Marrington|rmarringtonk4@woothemes.com|Male|87.133.86.232|Mr. RyanMarrington
726|Burg|Di Pietro|bdipietrok5@1und1.de|Male|184.12.52.58|Mr. BurgDi Pietro
727|Clem|Gippes|cgippesk6@unicef.org|Male|42.95.252.239|Mr. ClemGippes
728|Etan|Syddie|esyddiek7@list-manage.com|Male|20.40.87.81|Mr. EtanSyddie
729|Corri|Harteley|charteleyk8@sciencedaily.com|Female|236.126.223.232|Mrs. CorriHarteley
730|Wain|Kuzemka|wkuzemkak9@va.gov|Male|67.86.237.225|Mr. WainKuzemka
731|Andria|Norewood|anorewoodka@vistaprint.com|Female|69.148.82.55|Mrs. AndriaNorewood
732|Filip|Sackler|fsacklerkb@dagondesign.com|Male|170.118.18.174|Mr. FilipSackler
733|Constanta|Sears|csearskc@reuters.com|Female|153.197.155.20|Mrs. ConstantaSears
734|Rochester|Stonnell|rstonnellkd@google.co.uk|Male|84.12.195.169|Mr. RochesterStonnell
735|Cecily|Hutchin|chutchinke@soup.io|Female|100.113.24.59|Mrs. CecilyHutchin
736|Celine|Agiolfinger|cagiolfingerkf@reverbnation.com|Female|131.147.71.144|Mrs. CelineAgiolfinger
737|Brita|Vido|bvidokg@blogger.com|Female|27.122.184.55|Mrs. BritaVido
738|Karine|Gillison|kgillisonkh@hhs.gov|Female|234.97.55.76|Mrs. KarineGillison
""|Sabine|Greatrex|""|Female|129.93.85.245|Mrs. SabineGreatrex
740|Currey|Tindall|ctindallkj@time.com|Male|211.219.149.250|Mr. CurreyTindall
741|Ulrica|Rossiter|urossiterkk@dell.com|Female|43.205.158.146|Mrs. UlricaRossiter
742|Findley|Crim|fcrimkl@infoseek.co.jp|Male|104.230.91.148|Mr. FindleyCrim
743|Quent|Andras|qandraskm@foxnews.com|Male|245.104.133.128|Mr. QuentAndras
744|Luther|Cowhig|lcowhigkn@sphinn.com|Male|132.15.107.27|Mr. LutherCowhig
745|Arlie|Itzkovitch|aitzkovitchko@apache.org|Female|52.159.129.71|Mrs. ArlieItzkovitch
746|Yoshiko|Pettigrew|ypettigrewkp@merriam-webster.com|Female|32.64.181.104|Mrs. YoshikoPettigrew
747|Bern|Ipwell|bipwellkq@gov.uk|Male|189.65.24.165|Mr. BernIpwell
748|Roxine|Etchingham|retchinghamkr@sogou.com|Female|1.103.92.187|Mrs. RoxineEtchingham
749|Derril|Troth|dtrothks@spotify.com|Male|199.102.30.254|Mr. DerrilTroth
750|Yelena|Cuberley|ycuberleykt@epa.gov|Female|160.143.121.95|Mrs. YelenaCuberley
751|Jacquelin|Doctor|jdoctorku@usatoday.com|Female|188.3.123.130|Mrs. JacquelinDoctor
752|Diandra|Ugolotti|dugolottikv@howstuffworks.com|Female|87.84.159.220|Mrs. DiandraUgolotti
753|Edgard|Fishbourne|efishbournekw@vimeo.com|Male|116.147.132.233|Mr. EdgardFishbourne
754|Spence|Neal|snealkx@seattletimes.com|Male|66.119.204.118|Mr. SpenceNeal
755|Celia|Prozescky|cprozesckyky@goodreads.com|Female|55.118.30.72|Mrs. CeliaProzescky
756|Horatius|Ferandez|hferandezkz@yellowbook.com|Male|183.233.101.253|Mr. HoratiusFerandez
757|Pedro|Brain|pbrainl0@wix.com|Male|11.66.65.74|Mr. PedroBrain
758|Skye|Weafer|sweaferl1@ask.com|Male|134.71.167.58|Mr. SkyeWeafer
759|Bendick|Nelm|bnelml2@github.com|Male|161.26.240.129|Mr. BendickNelm
760|Alric|Stratz|astratzl3@unicef.org|Male|138.215.196.186|Mr. AlricStratz
761|Marcos|Sine|msinel4@answers.com|Male|28.148.170.133|Mr. MarcosSine
762|Boyce|Hickenbottom|bhickenbottoml5@baidu.com|Male|23.74.74.128|Mr. BoyceHickenbottom
763|Wang|Haddleston|whaddlestonl6@state.tx.us|Male|22.136.116.81|Mr. WangHaddleston
""|Denna|Reston|""|Female|48.246.113.39|Mrs. DennaReston
765|Welbie|Hailey|whaileyl8@patch.com|Male|145.7.255.91|Mr. WelbieHailey
""|Roseanne|Carabine|""|Female|19.249.249.250|Mrs. RoseanneCarabine
767|Latisha|Weaving|lweavingla@networkadvertising.org|Female|99.104.43.45|Mrs. LatishaWeaving
""|Brianne|Pfertner|""|Female|150.121.91.231|Mrs. BriannePfertner
769|Marleen|Gallelli|mgallellilc@amazon.co.uk|Female|215.41.145.120|Mrs. MarleenGallelli
770|Torrence|Espinazo|tespinazold@storify.com|Male|179.143.252.194|Mr. TorrenceEspinazo
771|Oby|Creboe|ocreboele@vimeo.com|Male|106.246.89.7|Mr. ObyCreboe
772|Jessi|Sullly|jsulllylf@baidu.com|Female|3.11.190.58|Mrs. JessiSullly
773|Chancey|Scorthorne|cscorthornelg@tiny.cc|Male|40.111.96.250|Mr. ChanceyScorthorne
774|Annissa|Philpault|aphilpaultlh@rediff.com|Female|76.42.27.49|Mrs. AnnissaPhilpault
775|Kat|Peebles|kpeeblesli@ning.com|Female|13.97.124.78|Mrs. KatPeebles
776|Lexi|Chumley|lchumleylj@hostgator.com|Female|73.237.5.75|Mrs. LexiChumley
""|Dix|Teggart|""|Female|153.230.35.91|Mrs. DixTeggart
778|Tiffanie|Tawse|ttawsell@china.com.cn|Female|45.164.166.184|Mrs. TiffanieTawse
779|Bryan|Howsego|bhowsegolm@xinhuanet.com|Male|127.85.36.186|Mr. BryanHowsego
780|Devon|Jerrans|djerransln@tuttocitta.it|Female|12.210.119.238|Mrs. DevonJerrans
781|Herta|Dobbs|hdobbslo@mysql.com|Female|240.83.67.169|Mrs. HertaDobbs
""|Giacopo|Machans|""|Male|196.3.28.60|Mr. GiacopoMachans
783|Jeffry|Merrigan|jmerriganlq@engadget.com|Male|137.222.104.60|Mr. JeffryMerrigan
784|Vinita|Rawls|vrawlslr@jiathis.com|Female|44.136.173.163|Mrs. VinitaRawls
785|Gladys|Piscot|gpiscotls@surveymonkey.com|Female|239.63.45.54|Mrs. GladysPiscot
786|Dorolisa|Grishmanov|dgrishmanovlt@yale.edu|Female|204.236.221.118|Mrs. DorolisaGrishmanov
787|Melisandra|Adamo|madamolu@phpbb.com|Female|91.133.78.9|Mrs. MelisandraAdamo
788|Noni|Geratasch|ngerataschlv@biblegateway.com|Female|115.66.90.162|Mrs. NoniGeratasch
789|Grady|Creebo|gcreebolw@eventbrite.com|Male|199.226.80.124|Mr. GradyCreebo
790|Cazzie|Kenright|ckenrightlx@bluehost.com|Male|143.64.193.194|Mr. CazzieKenright
""|Dyanna|Locarno|""|Female|123.10.114.129|Mrs. DyannaLocarno
792|Scott|Simpole|ssimpolelz@topsy.com|Male|241.40.23.121|Mr. ScottSimpole
""|Alistair|Saywell|""|Male|195.217.103.3|Mr. AlistairSaywell
794|Tiffanie|Simek|tsimekm1@livejournal.com|Female|34.149.143.44|Mrs. TiffanieSimek
795|Bunni|Kensy|bkensym2@columbia.edu|Female|170.99.152.34|Mrs. BunniKensy
796|Fran|Dudderidge|fdudderidgem3@acquirethisname.com|Female|14.36.150.153|Mrs. FranDudderidge
""|Casi|Stonnell|""|Female|249.207.212.211|Mrs. CasiStonnell
798|Wenona|Ibbott|wibbottm5@prlog.org|Female|41.171.68.193|Mrs. WenonaIbbott
799|Corri|Lathaye|clathayem6@cloudflare.com|Female|238.128.33.101|Mrs. CorriLathaye
""|Rosy|Le Clercq|""|Female|24.95.156.87|Mrs. RosyLe Clercq
""|Kippy|Glisenan|""|Male|55.81.243.209|Mr. KippyGlisenan
802|Rori|Micheu|rmicheum9@ftc.gov|Female|148.59.222.2|Mrs. RoriMicheu
803|Pamela|Stickles|psticklesma@w3.org|Female|16.21.191.170|Mrs. PamelaStickles
804|Nate|Calveley|ncalveleymb@shutterfly.com|Male|5.54.248.39|Mr. NateCalveley
805|Bat|Maccari|bmaccarimc@nba.com|Male|150.224.107.231|Mr. BatMaccari
806|Marguerite|Curson|mcursonmd@prlog.org|Female|234.125.117.146|Mrs. MargueriteCurson
807|Marmaduke|Campos|mcamposme@i2i.jp|Male|130.12.65.186|Mr. MarmadukeCampos
808|Jerry|Wooster|jwoostermf@cornell.edu|Male|209.73.206.89|Mr. JerryWooster
809|Diane|Kiossel|dkiosselmg@va.gov|Female|126.116.70.155|Mrs. DianeKiossel
810|Jeffie|Kitt|jkittmh@who.int|Male|15.110.132.33|Mr. JeffieKitt
811|Sissy|Ditchfield|sditchfieldmi@baidu.com|Female|225.170.142.37|Mrs. SissyDitchfield
812|Alfonso|Goldsworthy|agoldsworthymj@godaddy.com|Male|193.0.60.217|Mr. AlfonsoGoldsworthy
""|Vania|Wrassell|""|Female|50.209.34.232|Mrs. VaniaWrassell
814|Carree|Barltrop|cbarltropml@artisteer.com|Female|98.232.48.41|Mrs. CarreeBarltrop
815|Kermie|Hardey|khardeymm@va.gov|Male|185.208.217.102|Mr. KermieHardey
816|Shawna|Lies|sliesmn@cmu.edu|Female|197.61.253.234|Mrs. ShawnaLies
817|Annie|Shakesbye|ashakesbyemo@noaa.gov|Female|45.103.161.245|Mrs. AnnieShakesbye
818|Duky|Dunham|ddunhammp@zdnet.com|Male|166.201.36.161|Mr. DukyDunham
819|Niels|Goody|ngoodymq@delicious.com|Male|230.97.128.51|Mr. NielsGoody
820|Ogdan|Limeburner|olimeburnermr@flavors.me|Male|184.171.36.175|Mr. OgdanLimeburner
821|Myranda|Demangel|mdemangelms@issuu.com|Female|73.78.112.201|Mrs. MyrandaDemangel
822|Bobina|Wagstaffe|bwagstaffemt@mit.edu|Female|187.214.133.198|Mrs. BobinaWagstaffe
823|Klement|Knightsbridge|kknightsbridgemu@adobe.com|Male|51.68.247.201|Mr. KlementKnightsbridge
824|Dael|Carruth|dcarruthmv@sphinn.com|Female|203.101.218.55|Mrs. DaelCarruth
825|Oona|Rickaby|orickabymw@nationalgeographic.com|Female|214.25.136.76|Mrs. OonaRickaby
826|Franzen|Hansel|fhanselmx@1688.com|Male|71.179.106.176|Mr. FranzenHansel
827|Korey|Waddie|kwaddiemy@uiuc.edu|Male|193.26.20.223|Mr. KoreyWaddie
828|Valentine|Braikenridge|vbraikenridgemz@tmall.com|Male|177.248.240.87|Mr. ValentineBraikenridge
829|Josie|Drage|jdragen0@123-reg.co.uk|Female|123.228.68.36|Mrs. JosieDrage
830|Friedrick|Bryde|fbryden1@archive.org|Male|135.146.233.141|Mr. FriedrickBryde
831|Nola|Sate|nsaten2@yellowbook.com|Female|11.133.25.99|Mrs. NolaSate
832|Aubrette|Everwin|aeverwinn3@altervista.org|Female|48.225.178.83|Mrs. AubretteEverwin
833|Shell|Leneve|sleneven4@vk.com|Female|73.0.116.202|Mrs. ShellLeneve
834|Evelin|Itzkovwich|eitzkovwichn5@ask.com|Male|69.93.230.107|Mr. EvelinItzkovwich
835|Rikki|Sage|rsagen6@dedecms.com|Male|200.222.252.191|Mr. RikkiSage
836|Jarred|Coard|jcoardn7@time.com|Male|61.91.157.114|Mr. JarredCoard
837|Solomon|Kirkbright|skirkbrightn8@soundcloud.com|Male|56.89.39.192|Mr. SolomonKirkbright
838|Raimund|Swidenbank|rswidenbankn9@pcworld.com|Male|171.114.17.44|Mr. RaimundSwidenbank
839|Isaiah|Sussex|isussexna@tinyurl.com|Male|92.251.85.81|Mr. IsaiahSussex
840|Mikel|McFeat|mmcfeatnb@seesaa.net|Male|221.102.88.42|Mr. MikelMcFeat
841|Ker|Rigge|kriggenc@taobao.com|Male|124.198.15.106|Mr. KerRigge
842|Onofredo|Daltry|odaltrynd@opensource.org|Male|23.247.40.7|Mr. OnofredoDaltry
843|Templeton|Osbiston|tosbistonne@theglobeandmail.com|Male|125.53.243.120|Mr. TempletonOsbiston
844|Angie|Edmundson|aedmundsonnf@baidu.com|Female|147.223.241.139|Mrs. AngieEdmundson
845|Audrye|Dagger|adaggerng@mozilla.org|Female|233.239.117.215|Mrs. AudryeDagger
846|Jared|Elphinston|jelphinstonnh@bizjournals.com|Male|211.216.249.105|Mr. JaredElphinston
847|Lise|Fullylove|lfullyloveni@amazon.co.jp|Female|2.191.93.60|Mrs. LiseFullylove
848|Kirsten|Sarll|ksarllnj@comsenz.com|Female|31.47.29.13|Mrs. KirstenSarll
849|Julia|Bannon|jbannonnk@yellowpages.com|Female|247.28.38.151|Mrs. JuliaBannon
850|Xever|Fitzhenry|xfitzhenrynl@noaa.gov|Male|181.83.78.92|Mr. XeverFitzhenry
851|Nancey|Kingham|nkinghamnm@adobe.com|Female|208.117.238.79|Mrs. NanceyKingham
852|Frankie|Crucetti|fcrucettinn@oracle.com|Male|198.121.83.100|Mr. FrankieCrucetti
853|Ari|Whistlecraft|awhistlecraftno@prlog.org|Male|140.150.3.241|Mr. AriWhistlecraft
854|Dorothy|Thickens|dthickensnp@123-reg.co.uk|Female|110.19.53.49|Mrs. DorothyThickens
855|Alexis|Tabourin|atabourinnq@youtu.be|Male|62.0.97.55|Mr. AlexisTabourin
856|Charley|Bezemer|cbezemernr@whitehouse.gov|Male|85.205.18.48|Mr. CharleyBezemer
857|Phineas|Aleksahkin|paleksahkinns@goo.ne.jp|Male|237.228.97.240|Mr. PhineasAleksahkin
858|Felizio|Hellicar|fhellicarnt@umich.edu|Male|188.115.91.99|Mr. FelizioHellicar
859|Byran|Wilfling|bwilflingnu@tuttocitta.it|Male|118.46.77.70|Mr. ByranWilfling
860|Gaye|Webbe|gwebbenv@desdev.cn|Female|47.239.15.118|Mrs. GayeWebbe
861|Maren|Schoolcroft|mschoolcroftnw@seattletimes.com|Female|19.125.96.12|Mrs. MarenSchoolcroft
862|Aldric|Byk|abyknx@adobe.com|Male|195.224.227.118|Mr. AldricByk
""|Clifford|Treske|""|Male|224.18.119.25|Mr. CliffordTreske
864|Lorette|Cheavin|lcheavinnz@go.com|Female|7.203.92.174|Mrs. LoretteCheavin
865|Melvyn|Phelip|mphelipo0@hexun.com|Male|252.223.99.103|Mr. MelvynPhelip
866|Juan|Copas|jcopaso1@blogspot.com|Male|195.203.53.80|Mr. JuanCopas
867|Filmore|de Keyser|fdekeysero2@i2i.jp|Male|11.132.73.227|Mr. Filmorede Keyser
868|Tine|Menichi|tmenichio3@mozilla.org|Female|70.47.41.7|Mrs. TineMenichi
869|Marlena|Burris|mburriso4@bravesites.com|Female|93.70.248.38|Mrs. MarlenaBurris
870|Ola|Creamen|ocreameno5@typepad.com|Female|159.199.14.67|Mrs. OlaCreamen
871|Sandor|Mendez|smendezo6@mail.ru|Male|56.196.140.173|Mr. SandorMendez
872|Edgardo|Gover|egovero7@foxnews.com|Male|241.124.100.202|Mr. EdgardoGover
873|Isobel|Conner|iconnero8@cam.ac.uk|Female|213.198.61.75|Mrs. IsobelConner
874|Vivyan|Halmkin|vhalmkino9@salon.com|Female|245.138.252.224|Mrs. VivyanHalmkin
""|Blisse|Guisby|""|Female|249.15.78.182|Mrs. BlisseGuisby
876|Jayne|Heineking|jheinekingob@reddit.com|Female|133.108.126.168|Mrs. JayneHeineking
877|Chucho|Commin|ccomminoc@yahoo.com|Male|58.108.237.105|Mr. ChuchoCommin
878|Major|Mioni|mmioniod@discovery.com|Male|4.226.153.156|Mr. MajorMioni
879|Gerrard|Piper|gpiperoe@forbes.com|Male|197.105.22.24|Mr. GerrardPiper
""|Esra|Credland|""|Male|209.216.223.186|Mr. EsraCredland
881|Ada|Laroze|alarozeog@bbc.co.uk|Female|7.57.181.26|Mrs. AdaLaroze
882|Lynea|Tootal|ltootaloh@bloglines.com|Female|69.47.6.196|Mrs. LyneaTootal
883|Jocelyn|Elies|jeliesoi@bravesites.com|Female|41.235.135.201|Mrs. JocelynElies
884|Stefanie|Eccleshall|seccleshalloj@howstuffworks.com|Female|131.111.206.218|Mrs. StefanieEccleshall
885|Bartolemo|Cattow|bcattowok@cornell.edu|Male|85.240.57.178|Mr. BartolemoCattow
886|Bertrand|Ivanilov|bivanilovol@marketwatch.com|Male|34.127.108.78|Mr. BertrandIvanilov
887|Willow|Harrison|wharrisonom@diigo.com|Female|0.65.211.182|Mrs. WillowHarrison
888|Gale|Ouver|gouveron@linkedin.com|Male|121.223.124.50|Mr. GaleOuver
889|Claretta|Tomadoni|ctomadonioo@sogou.com|Female|162.81.53.42|Mrs. ClarettaTomadoni
890|Georgeanna|Halliburton|ghalliburtonop@gravatar.com|Female|4.169.127.42|Mrs. GeorgeannaHalliburton
891|Benita|Jacobsson|bjacobssonoq@bbb.org|Female|74.60.188.144|Mrs. BenitaJacobsson
892|Dino|McPeake|dmcpeakeor@redcross.org|Male|225.63.30.56|Mr. DinoMcPeake
""|Llewellyn|Bulpitt|""|Male|255.212.85.194|Mr. LlewellynBulpitt
894|Stanfield|Lorenzini|slorenziniot@un.org|Male|98.240.4.234|Mr. StanfieldLorenzini
895|Ardis|Brahams|abrahamsou@buzzfeed.com|Female|180.246.220.158|Mrs. ArdisBrahams
896|Gearalt|Ditchett|gditchettov@opera.com|Male|46.186.23.239|Mr. GearaltDitchett
897|Cybil|Pattemore|cpattemoreow@omniture.com|Female|97.135.142.113|Mrs. CybilPattemore
898|Deena|Brixey|dbrixeyox@tiny.cc|Female|16.85.82.41|Mrs. DeenaBrixey
899|Seamus|MacKerley|smackerleyoy@accuweather.com|Male|136.120.152.18|Mr. SeamusMacKerley
900|Isidore|Cerith|icerithoz@histats.com|Male|10.149.103.27|Mr. IsidoreCerith
901|Paige|Grzegorzewski|pgrzegorzewskip0@reuters.com|Male|96.239.255.179|Mr. PaigeGrzegorzewski
902|Tye|MacRinn|tmacrinnp1@jigsy.com|Male|106.244.83.91|Mr. TyeMacRinn
903|Kikelia|Handscomb|khandscombp2@tiny.cc|Female|110.22.110.180|Mrs. KikeliaHandscomb
904|Domini|Blaine|dblainep3@flickr.com|Female|36.206.106.146|Mrs. DominiBlaine
905|Brendin|Treadwell|btreadwellp4@posterous.com|Male|53.154.57.228|Mr. BrendinTreadwell
906|Morgan|Lupson|mlupsonp5@acquirethisname.com|Female|241.197.35.205|Mrs. MorganLupson
907|Don|Moger|dmogerp6@opensource.org|Male|88.83.112.186|Mr. DonMoger
908|Gilles|Date|gdatep7@istockphoto.com|Male|17.110.85.46|Mr. GillesDate
909|Cash|Leaves|cleavesp8@unesco.org|Male|211.181.112.187|Mr. CashLeaves
910|Isa|Morteo|imorteop9@wordpress.com|Male|254.25.86.87|Mr. IsaMorteo
911|Phillis|Mushet|pmushetpa@home.pl|Female|46.230.18.77|Mrs. PhillisMushet
912|Gill|Grundon|ggrundonpb@phpbb.com|Male|241.195.34.32|Mr. GillGrundon
913|Dudley|Slides|dslidespc@webeden.co.uk|Male|235.15.55.183|Mr. DudleySlides
914|Jemima|Snedden|jsneddenpd@youku.com|Female|49.174.161.180|Mrs. JemimaSnedden
915|Julia|Rolfo|jrolfope@tinyurl.com|Female|135.149.29.234|Mrs. JuliaRolfo
916|Lexis|Tatterton|ltattertonpf@boston.com|Female|220.179.119.15|Mrs. LexisTatterton
917|Giuseppe|Larchier|glarchierpg@yahoo.com|Male|242.52.177.94|Mr. GiuseppeLarchier
918|Lothario|Leban|llebanph@sbwire.com|Male|123.148.151.120|Mr. LotharioLeban
919|Tedie|Pickton|tpicktonpi@wsj.com|Male|89.211.80.203|Mr. TediePickton
920|Caron|Martellini|cmartellinipj@hud.gov|Female|165.149.106.68|Mrs. CaronMartellini
921|Marilyn|Fishbie|mfishbiepk@about.me|Female|197.143.242.96|Mrs. MarilynFishbie
""|Salem|McKerron|""|Male|202.91.97.191|Mr. SalemMcKerron
923|Corene|Trusty|ctrustypm@umich.edu|Female|37.17.100.97|Mrs. CoreneTrusty
924|Midge|Ackermann|mackermannpn@wikipedia.org|Female|82.126.88.101|Mrs. MidgeAckermann
925|Nicola|Bazelle|nbazellepo@blogtalkradio.com|Male|38.234.82.89|Mr. NicolaBazelle
926|Shandra|Oels|soelspp@purevolume.com|Female|23.219.187.4|Mrs. ShandraOels
927|Maitilde|Plesing|mplesingpq@go.com|Female|195.204.202.5|Mrs. MaitildePlesing
928|Bev|Lindsey|blindseypr@yale.edu|Male|74.34.107.218|Mr. BevLindsey
929|Brand|Jaray|bjarayps@state.tx.us|Male|50.64.122.121|Mr. BrandJaray
930|Adolphe|Pennings|apenningspt@trellian.com|Male|242.205.140.166|Mr. AdolphePennings
931|Darren|Starte|dstartepu@tiny.cc|Male|152.99.86.139|Mr. DarrenStarte
932|Edd|Alexander|ealexanderpv@wisc.edu|Male|171.249.12.173|Mr. EddAlexander
933|Casey|Hockell|chockellpw@cargocollective.com|Male|45.255.205.3|Mr. CaseyHockell
934|Essy|Aguilar|eaguilarpx@livejournal.com|Female|3.102.8.152|Mrs. EssyAguilar
935|Alex|Hentzeler|ahentzelerpy@yellowpages.com|Female|48.23.56.165|Mrs. AlexHentzeler
936|Hector|Siddell|hsiddellpz@google.ru|Male|58.199.31.231|Mr. HectorSiddell
937|Donal|Bakey|dbakeyq0@ask.com|Male|206.41.181.165|Mr. DonalBakey
938|Violette|Littledike|vlittledikeq1@gnu.org|Female|39.213.151.1|Mrs. VioletteLittledike
939|Gustav|Plain|gplainq2@sogou.com|Male|16.85.212.11|Mr. GustavPlain
940|Gabe|Sothcott|gsothcottq3@sogou.com|Male|136.112.152.235|Mr. GabeSothcott
941|Odessa|Cunio|ocunioq4@wikispaces.com|Female|81.253.86.28|Mrs. OdessaCunio
942|Vivianne|Dawkes|vdawkesq5@si.edu|Female|20.208.169.254|Mrs. VivianneDawkes
943|Agnese|Chaston|achastonq6@shinystat.com|Female|150.150.47.18|Mrs. AgneseChaston
944|Carmella|Polley|cpolleyq7@linkedin.com|Female|109.45.104.84|Mrs. CarmellaPolley
945|Ludwig|Dooman|ldoomanq8@usda.gov|Male|156.137.140.73|Mr. LudwigDooman
946|Joanie|Jahnig|jjahnigq9@google.com.br|Female|146.10.203.56|Mrs. JoanieJahnig
947|Delmer|Couves|dcouvesqa@people.com.cn|Male|16.95.254.170|Mr. DelmerCouves
948|Dill|Tolhurst|dtolhurstqb@hubpages.com|Male|84.0.132.142|Mr. DillTolhurst
949|Florance|Swatman|fswatmanqc@imageshack.us|Female|63.7.246.189|Mrs. FloranceSwatman
950|Lorraine|Silverstone|lsilverstoneqd@google.ca|Female|138.225.190.255|Mrs. LorraineSilverstone
951|Remington|Abrahamian|rabrahamianqe@adobe.com|Male|37.241.1.223|Mr. RemingtonAbrahamian
952|Wilfred|Maccaddie|wmaccaddieqf@nymag.com|Male|230.110.232.255|Mr. WilfredMaccaddie
953|Lucho|Irdale|lirdaleqg@discuz.net|Male|18.16.58.226|Mr. LuchoIrdale
954|Herculie|Boughey|hbougheyqh@merriam-webster.com|Male|73.124.227.252|Mr. HerculieBoughey
955|Brandi|Meecher|bmeecherqi@list-manage.com|Female|127.100.20.107|Mrs. BrandiMeecher
956|Rosella|Sussans|rsussansqj@usatoday.com|Female|124.107.18.129|Mrs. RosellaSussans
957|Henrik|Oldaker|holdakerqk@tripod.com|Male|96.50.25.221|Mr. HenrikOldaker
958|Xerxes|Talby|xtalbyql@techcrunch.com|Male|135.67.104.183|Mr. XerxesTalby
959|Maury|Leggat|mleggatqm@cloudflare.com|Male|113.104.122.52|Mr. MauryLeggat
960|Merl|Patmore|mpatmoreqn@bandcamp.com|Female|200.35.213.250|Mrs. MerlPatmore
961|Melania|Berget|mbergetqo@nih.gov|Female|156.24.228.207|Mrs. MelaniaBerget
962|Tannie|MacNeish|tmacneishqp@godaddy.com|Male|183.173.185.91|Mr. TannieMacNeish
963|Ethyl|Wearn|ewearnqq@feedburner.com|Female|86.246.22.221|Mrs. EthylWearn
964|Maddi|Jans|mjansqr@earthlink.net|Female|125.110.171.153|Mrs. MaddiJans
965|Idette|O'Scannill|ioscannillqs@ibm.com|Female|231.157.166.107|Mrs. IdetteO'Scannill
966|Thorin|Keepin|tkeepinqt@51.la|Male|166.63.253.38|Mr. ThorinKeepin
967|Nickey|Shirland|nshirlandqu@redcross.org|Male|9.48.186.223|Mr. NickeyShirland
968|Desdemona|Germann|dgermannqv@europa.eu|Female|155.52.59.71|Mrs. DesdemonaGermann
969|Alic|Jime|ajimeqw@wordpress.com|Male|35.231.163.126|Mr. AlicJime
970|Prudy|Crosi|pcrosiqx@livejournal.com|Female|22.254.70.220|Mrs. PrudyCrosi
971|Seka|Domelow|sdomelowqy@moonfruit.com|Female|51.134.10.147|Mrs. SekaDomelow
972|Jeth|Newarte|jnewarteqz@hp.com|Male|37.177.69.122|Mr. JethNewarte
973|Basile|Crocumbe|bcrocumber0@businessinsider.com|Male|221.158.81.129|Mr. BasileCrocumbe
974|Felice|Corps|fcorpsr1@newsvine.com|Male|243.224.37.32|Mr. FeliceCorps
975|Joellen|Crossland|jcrosslandr2@booking.com|Female|247.142.79.150|Mrs. JoellenCrossland
976|Dimitri|Hincks|dhincksr3@prweb.com|Male|119.234.102.56|Mr. DimitriHincks
977|Joseph|Clixby|jclixbyr4@shop-pro.jp|Male|250.190.110.241|Mr. JosephClixby
978|Gray|Beel|gbeelr5@linkedin.com|Male|117.214.163.212|Mr. GrayBeel
979|Mandi|Matts|mmattsr6@dropbox.com|Female|145.144.62.252|Mrs. MandiMatts
980|Emmott|Northwood|enorthwoodr7@yolasite.com|Male|160.188.34.20|Mr. EmmottNorthwood
981|Miran|Laying|mlayingr8@cmu.edu|Female|205.145.163.64|Mrs. MiranLaying
982|Janine|Tonbye|jtonbyer9@vimeo.com|Female|146.76.68.148|Mrs. JanineTonbye
983|Terry|Huburn|thuburnra@intel.com|Female|0.74.158.167|Mrs. TerryHuburn
984|Bjorn|Corneille|bcorneillerb@google.ca|Male|122.62.147.183|Mr. BjornCorneille
985|Dolores|Gindghill|dgindghillrc@vkontakte.ru|Female|108.96.128.215|Mrs. DoloresGindghill
986|Mano|Land|mlandrd@slideshare.net|Male|204.223.51.49|Mr. ManoLand
987|Anissa|Blaschke|ablaschkere@ucoz.ru|Female|135.98.103.14|Mrs. AnissaBlaschke
988|Kin|Roizin|kroizinrf@google.com|Male|111.68.212.194|Mr. KinRoizin
989|Pacorro|Flea|pflearg@craigslist.org|Male|81.254.137.130|Mr. PacorroFlea
990|Eadie|Vanichev|evanichevrh@addthis.com|Female|112.179.118.37|Mrs. EadieVanichev
991|Davin|Ayer|dayerri@barnesandnoble.com|""|88.138.125.228|DavinAyer
992|Julienne|Hearnes|jhearnesrj@bandcamp.com|Female|101.220.36.164|Mrs. JulienneHearnes
993|Durand|Crick|dcrickrk@multiply.com|Male|56.172.43.44|Mr. DurandCrick
994|Petronilla|Durtnal|pdurtnalrl@amazonaws.com|Female|137.38.236.177|Mrs. PetronillaDurtnal
995|Melisandra|Bergin|mberginrm@reverbnation.com|Female|185.53.120.67|Mrs. MelisandraBergin
996|Wyndham|Puden|wpudenrn@miitbeian.gov.cn|Male|15.43.253.218|Mr. WyndhamPuden
""|Mack|Poser|""|Male|72.122.182.45|Mr. MackPoser
""|Haleigh|Reddyhoff|""|Male|108.90.233.235|Mr. HaleighReddyhoff
999|Johnna|Upjohn|jupjohnrq@smugmug.com|Female|141.52.29.54|Mrs. JohnnaUpjohn
1000|Sunny|Coning|sconingrr@aboutads.info|Male|253.144.121.182|Mr. SunnyConing
