visitor_id,first_name,last_name,email,gender,ip_address
1,Marysa,Arnull,marnull0@t.co,Female,148.118.170.117
2,Alys,Mapledoram,amapledoram1@amazon.co.jp,Female,189.249.7.22
,Pepi,Kilbourne,,Female,84.196.181.206
4,Irita,Coltan,icoltan3@reddit.com,Female,103.96.233.190
5,Wilburt,Sheals,wsheals4@ebay.com,Male,51.106.36.130
6,Viviene,Ewestace,vewestace5@cnbc.com,Female,189.8.44.77
7,Grange,Bernhardt,gbernhardt6@nationalgeographic.com,Male,237.92.0.252
8,Boris,Gladdish,bgladdish7@rakuten.co.jp,Male,214.120.52.45
9,Eldon,Hamstead,ehamstead8@issuu.com,Male,181.51.131.114
10,Patrice,Buske,pbuske9@shop-pro.jp,Male,8.4.93.195
11,Fallon,Saint,fsainta@youtu.be,Female,28.41.126.59
12,Falkner,Merrgan,fmerrganb@mac.com,Male,75.160.5.11
,Shanta,Tumber,,Female,71.102.214.197
14,Daloris,Howood,dhowoodd@jiathis.com,Female,108.63.219.36
15,Augustus,Lockney,alockneye@ehow.com,Male,62.178.138.189
16,Cissy,Fetherby,cfetherbyf@ovh.net,Female,49.136.89.178
17,Evered,Demsey,edemseyg@cloudflare.com,Male,109.147.148.147
18,Rube,Astill,rastillh@timesonline.co.uk,Male,88.111.38.168
19,Saunderson,Di Ruggero,sdiruggeroi@reverbnation.com,Male,205.216.12.141
20,Frederick,Dow,fdowj@bbc.co.uk,Male,0.148.192.9
21,Darin,Makeswell,dmakeswellk@mac.com,Male,252.141.137.183
22,Derril,Turnock,dturnockl@cornell.edu,Male,143.201.115.87
23,Norrie,Buttwell,nbuttwellm@yandex.ru,Male,177.8.228.254
24,Griff,Nutley,gnutleyn@jalbum.net,Male,254.133.194.57
25,Lon,Petche,lpetcheo@ehow.com,Male,240.77.68.235
26,Violette,Lintott,vlintottp@house.gov,Female,146.97.75.224
27,Chicky,Dayley,cdayleyq@amazonaws.com,Female,41.160.91.228
28,Millard,Wallege,mwalleger@linkedin.com,Male,90.201.19.227
29,Linzy,Moors,lmoorss@wikimedia.org,Female,224.165.206.137
30,Kinna,Basnall,kbasnallt@indiatimes.com,Female,4.110.137.180
,Hillary,Renackowna,,Male,205.12.233.232
32,Ulrich,Garman,ugarmanv@gizmodo.com,Male,86.171.109.112
33,Cobby,Herrero,cherrerow@theatlantic.com,Male,237.183.161.100
34,Tiphany,Yegorkin,tyegorkinx@webmd.com,Female,113.162.199.240
35,Bernie,Blenkinship,bblenkinshipy@bandcamp.com,Male,142.246.10.40
36,Datha,Shury,dshuryz@irs.gov,Female,150.47.234.240
37,Pearl,Pearmain,ppearmain10@opensource.org,Female,199.89.99.2
38,Esther,Elt,eelt11@un.org,Female,125.239.26.173
39,Raviv,Paternoster,rpaternoster12@bbb.org,Male,221.177.79.204
40,Maia,Mallabon,mmallabon13@geocities.com,Female,42.77.19.237
41,Lemar,Greeves,lgreeves14@usa.gov,Male,102.192.53.94
42,Geralda,Hecks,ghecks15@cbc.ca,Female,105.15.98.157
43,Wake,Battram,wbattram16@goodreads.com,Male,255.75.253.216
44,Boot,Beastall,bbeastall17@tuttocitta.it,Male,238.207.25.0
45,Clarice,Fant,cfant18@skype.com,Female,24.239.209.188
46,Faulkner,McGilroy,fmcgilroy19@sina.com.cn,Male,15.63.146.169
47,Shina,Strathearn,sstrathearn1a@bbc.co.uk,Female,117.107.165.7
48,Abbey,Poore,apoore1b@seattletimes.com,Female,141.132.135.151
49,Rudd,Ferryman,rferryman1c@rakuten.co.jp,Male,114.8.188.205
50,Renate,Livoir,rlivoir1d@networksolutions.com,Female,227.227.55.105
51,Olivette,Shuter,oshuter1e@blogs.com,Female,50.127.86.162
52,Barney,Ellgood,bellgood1f@myspace.com,Male,118.211.101.22
53,Norris,Jell,njell1g@kickstarter.com,Male,173.81.107.197
54,Eadmund,Urian,eurian1h@elpais.com,Male,159.28.123.236
55,Cathee,Leipold,cleipold1i@chronoengine.com,Female,3.220.175.151
56,Loralyn,Hambribe,lhambribe1j@devhub.com,Female,67.199.137.178
57,Vinita,Dockerty,vdockerty1k@fastcompany.com,Female,72.229.28.112
58,Claybourne,Kitchinghan,ckitchinghan1l@sitemeter.com,Male,146.255.88.33
59,Rowe,Leer,rleer1m@biglobe.ne.jp,Female,138.161.36.6
60,Valli,Batie,vbatie1n@exblog.jp,Female,75.162.195.183
61,Ninon,St Ledger,nstledger1o@ed.gov,Female,135.99.104.170
62,Calley,Morfey,cmorfey1p@google.it,Female,34.254.23.127
63,Elyn,Wile,ewile1q@angelfire.com,Female,113.23.124.124
64,Jordon,Milillo,jmilillo1r@un.org,Male,251.27.237.72
65,Clint,Hurtado,churtado1s@wiley.com,Male,72.76.126.105
66,Catlee,Rowcastle,crowcastle1t@people.com.cn,Female,208.235.88.118
67,Stephi,Alcoran,salcoran1u@oakley.com,Female,243.162.3.39
68,Joe,Lesley,jlesley1v@ucoz.com,Male,22.40.210.138
69,Engracia,Masham,emasham1w@thetimes.co.uk,Female,197.87.68.94
70,Janeva,Pretorius,jpretorius1x@barnesandnoble.com,Female,250.114.168.28
71,Grazia,Kellert,gkellert1y@csmonitor.com,Female,157.74.201.99
72,Merrilee,Featherstonhalgh,mfeatherstonhalgh1z@buzzfeed.com,Female,127.157.98.150
73,Benji,Looker,blooker20@alexa.com,Male,43.114.223.89
,Guilbert,Rodrigues,,Male,204.226.140.111
75,Cati,Attersoll,cattersoll22@usnews.com,Female,142.158.196.218
76,Theodora,Maffione,tmaffione23@google.cn,Female,101.172.254.109
77,Malachi,Bruntje,mbruntje24@youtube.com,Male,5.197.163.143
78,Ann-marie,Fucher,afucher25@soundcloud.com,Female,81.57.214.22
79,Talya,Moorhead,tmoorhead26@rambler.ru,Female,254.250.130.126
80,Aleta,Whate,awhate27@bizjournals.com,Female,254.30.69.129
,Gloriana,Saward,,Female,232.180.22.68
82,Wilfrid,Balston,wbalston29@yahoo.com,Male,58.1.113.223
83,Mickey,Bendan,mbendan2a@meetup.com,Male,187.67.228.182
84,Marlow,Woollin,mwoollin2b@squidoo.com,Male,18.4.187.206
85,Davidde,Golightly,dgolightly2c@de.vu,Male,252.223.69.44
86,Cyrille,Adel,cadel2d@163.com,Male,197.15.238.223
87,Mycah,Farr,mfarr2e@archive.org,Male,144.53.152.2
88,Lynn,Natalie,lnatalie2f@aboutads.info,Male,142.88.168.52
89,Justen,Farnes,jfarnes2g@home.pl,Male,97.144.7.23
90,Kinna,Bazell,kbazell2h@soundcloud.com,Female,74.199.122.168
91,Isahella,Joutapavicius,ijoutapavicius2i@blogtalkradio.com,Female,212.201.236.207
,Rochell,O'Sheeryne,,Female,214.169.197.119
93,April,Wallbutton,awallbutton2k@answers.com,Female,174.33.241.246
94,Clark,Aymes,caymes2l@usnews.com,Male,11.121.108.35
95,Jed,Furmedge,jfurmedge2m@vk.com,Male,97.156.176.16
96,Darda,Cattrell,dcattrell2n@taobao.com,Female,18.168.212.69
97,Vasily,Cummine,vcummine2o@ucla.edu,Male,0.231.129.206
98,Libbie,Dubose,ldubose2p@mozilla.org,Female,109.106.144.213
99,Delila,Laugherane,dlaugherane2q@oakley.com,Female,12.224.61.195
100,Hurleigh,Maker,hmaker2r@oakley.com,Male,168.0.150.196
101,Shelbi,Sedgmond,ssedgmond2s@tumblr.com,Female,62.243.151.78
,Vasili,Notman,,HRWMale,240.10.38.196
103,Cesar,Beaton,cbeaton2u@springer.com,Male,193.250.126.138
104,Rochette,Blannin,rblannin2v@imageshack.us,Female,178.176.217.8
105,Devina,Varden,dvarden2w@webmd.com,Female,88.113.144.52
106,Gabriello,Vanderplas,gvanderplas2x@plala.or.jp,Male,160.140.157.57
107,Frayda,Cartmer,fcartmer2y@a8.net,Female,244.15.73.95
108,Amabelle,Clarycott,aclarycott2z@sbwire.com,Female,89.102.197.225
109,Ferrel,Leopard,fleopard30@feedburner.com,MaleDER,175.110.87.150
110,Corabella,Sanches,csanches31@guardian.co.uk,Female,241.144.41.13
111,Maynard,Dekeyser,mdekeyser32@time.com,Male,133.72.112.241
112,Skippie,Dumsday,sdumsday33@dmoz.org,Male,10.32.181.29
113,Connor,Carragher,ccarragher34@clickbank.net,Male,130.157.20.157
114,Alyda,Baverstock,abaverstock35@harvard.edu,Female,247.121.56.246
115,Laney,Lopes,llopes36@gov.uk,Female,221.95.33.129
116,Bennett,Dundridge,bdundridge37@netscape.com,Male,89.226.163.217
117,Price,Trulocke,ptrulocke38@va.gov,Male,79.191.75.162
118,Rowan,Joontjes,rjoontjes39@google.ca,Male,244.174.199.243
119,Tybalt,Gelsthorpe,tgelsthorpe3a@narod.ru,Male,89.33.152.45
120,Starr,McCrillis,smccrillis3b@hc360.com,Female,201.192.146.48
121,Aloisia,Rosewell,arosewell3c@pbs.org,Female,139.109.166.71
122,Berte,O' Ronan,boronan3d@sina.com.cn,Female,179.130.15.71
123,Valentine,Fairbrother,vfairbrother3e@people.com.cn,Male,88.179.50.208
,Rupert,Stiegars,,Male,69.237.226.67
125,Iolande,Orlton,iorlton3g@sciencedaily.com,Female,10.205.104.34
126,Dasya,Dik,ddik3h@harvard.edu,Female,153.190.192.114
127,Chrysa,Reeveley,creeveley3i@smugmug.com,Female,0.89.238.10
128,Ansley,McGlynn,amcglynn3j@nasa.gov,Female,75.169.180.202
129,Maury,McCurt,mmccurt3k@ow.ly,Male,241.38.39.160
130,Tabbi,Tuttle,ttuttle3l@ucoz.ru,Female,210.68.55.12
131,Lavinie,Doerling,ldoerling3m@so-net.ne.jp,Female,118.154.224.116
132,Cathlene,Ormrod,cormrod3n@rediff.com,Female,235.79.201.244
133,Delinda,Agirre,dagirre3o@goodreads.com,Female,54.15.188.151
134,Bord,McKernon,bmckernon3p@creativecommons.org,Male,237.28.110.103
135,Lavina,Hardway,lhardway3q@e-recht24.de,FemalePNPSPAP,49.91.83.178
136,Alair,Folcarelli,afolcarelli3r@de.vu,Male,201.193.70.41
137,Dinny,Croutear,dcroutear3s@lycos.com,Female,227.207.194.208
138,Maddie,Sargeant,msargeant3t@zimbio.com,Male,23.211.99.197
139,Ezmeralda,Penniall,epenniall3u@yahoo.com,Female,47.207.51.94
140,Stanislaus,Eyrl,seyrl3v@globo.com,Male,195.100.218.172
141,Roxie,Mallabone,rmallabone3w@merriam-webster.com,Female,30.184.242.215
142,Randal,Tembey,rtembey3x@census.gov,Male,11.245.144.229
143,Giustino,Toolan,gtoolan3y@parallels.com,Male,54.233.73.218
144,Tabitha,Wallen,twallen3z@altervista.org,,17.250.15.126
145,Danny,Yusupov,dyusupov40@fema.gov,Male,81.216.146.82
146,Catlin,Menary,cmenary41@behance.net,Female,29.125.204.234
147,Seumas,Follitt,sfollitt42@amazonaws.com,Male,21.180.226.127
148,Harald,Walster,hwalster43@dropbox.com,Male,214.193.215.145
149,Zebulon,Larby,zlarby44@house.gov,Male,248.249.53.42
150,Dougie,Mignot,dmignot45@tmall.com,Male,211.15.147.245
151,Ced,Birrane,cbirrane46@craigslist.org,Male,97.180.105.196
152,Carey,Ellacombe,cellacombe47@deliciousdays.com,Female,190.162.54.105
,Malynda,Bartosiak,,Female,139.232.58.236
154,Quint,Andrei,qandrei49@about.me,Male,89.210.19.208
155,Buckie,Maryska,bmaryska4a@feedburner.com,Male,72.216.51.215
156,Crin,Reboulet,creboulet4b@ifeng.com,Female,204.253.50.88
157,Tarah,Tredgold,ttredgold4c@springer.com,Female,239.49.141.27
158,Zaccaria,Lorman,zlorman4d@mit.edu,Male,164.119.192.34
159,Marshal,Ducroe,mducroe4e@businessinsider.com,Male,208.69.240.243
160,Mick,Lamdin,mlamdin4f@wordpress.org,Male,188.16.123.42
161,Imogen,Stewart,istewart4g@cloudflare.com,Female,147.147.234.55
162,Reynold,Genthner,rgenthner4h@blog.com,Male,164.136.189.183
163,Donnie,Dubbin,ddubbin4i@imageshack.us,Female,146.75.155.18
164,Inglebert,Skoof,iskoof4j@rambler.ru,Male,98.176.183.254
165,Fritz,Hemphall,fhemphall4k@google.com.hk,Male,177.167.163.141
166,Marcelle,Chatburn,mchatburn4l@bravesites.com,Female,184.86.231.45
167,Briano,Erni,berni4m@last.fm,Male,208.100.203.17
168,Jephthah,Nipper,jnipper4n@msn.com,Male,176.58.0.149
169,Clive,Sketh,csketh4o@barnesandnoble.com,Male,171.88.88.73
170,Homer,Luard,hluard4p@e-recht24.de,Male,46.42.158.41
171,Turner,St. Louis,tstlouis4q@de.vu,Male,91.221.150.235
172,Ardeen,Lalor,alalor4r@independent.co.uk,Female,44.27.82.236
173,De witt,Devenny,ddevenny4s@prlog.org,Male,93.63.49.175
174,Tedie,Ready,tready4t@cmu.edu,Male,31.73.64.21
175,Jared,Leyrroyd,jleyrroyd4u@oakley.com,Male,247.111.21.67
176,Sheela,Hosby,shosby4v@wikimedia.org,Female,251.28.104.115
177,Sabina,Deveral,sdeveral4w@elegantthemes.com,Female,9.49.141.233
178,Kirbie,Kneafsey,kkneafsey4x@artisteer.com,Female,65.15.213.156
179,Trisha,Zanassi,tzanassi4y@china.com.cn,Female,55.112.231.77
180,Ginger,Kroon,gkroon4z@microsoft.com,Male,153.192.240.43
181,Maximilien,Simonett,msimonett50@newsvine.com,Male,14.157.102.8
182,Darby,Fritschel,dfritschel51@about.com,Female,222.135.211.184
183,Sherrie,Measey,smeasey52@upenn.edu,Female,61.10.24.176
184,Annette,Houdhury,ahoudhury53@github.com,Female,110.226.69.125
185,Don,Cadagan,dcadagan54@timesonline.co.uk,Male,176.112.8.29
186,Gretal,Ridsdole,gridsdole55@mysql.com,Female,100.203.63.128
187,Shayla,Ivshin,sivshin56@issuu.com,Female,230.163.228.199
188,Myrtie,McRorie,mmcrorie57@berkeley.edu,Female,208.53.123.107
189,Valle,Cherry Holme,vcherryholme58@yale.edu,Male,179.178.142.92
190,Salem,Deniseau,sdeniseau59@wordpress.org,Male,223.68.214.190
191,Althea,Cayle,acayle5a@icq.com,Female,82.225.90.139
192,Findley,Wrettum,fwrettum5b@springer.com,Male,215.114.228.109
193,Dennison,Akred,dakred5c@admin.ch,Male,234.100.223.205
194,Melicent,Harrigan,mharrigan5d@amazon.de,Female,82.215.181.105
195,Debra,Bebbington,dbebbington5e@bloglovin.com,Female,95.125.124.232
196,Cleon,Keyme,ckeyme5f@dropbox.com,Male,40.227.87.125
197,Giles,Kerwick,gkerwick5g@scientificamerican.com,Male,247.100.142.98
198,Catriona,Girkins,cgirkins5h@webnode.com,Female,76.202.173.222
199,Rick,Pyett,rpyett5i@geocities.com,Male,253.0.245.158
200,Winnah,Hort,whort5j@gizmodo.com,Female,169.6.177.63
,Carmelita,Camock,,Female,75.195.58.173
,Stormi,Tapenden,,Female,134.255.103.78
203,Midge,Bromehed,mbromehed5m@eventbrite.com,Female,97.225.227.89
204,Erin,Delicate,edelicate5n@reverbnation.com,Male,246.247.9.112
205,Alisa,Treharne,atreharne5o@tamu.edu,Female,14.123.90.161
206,Pennie,Justun,pjustun5p@angelfire.com,Female,96.5.190.21
207,Arlie,Boakes,aboakes5q@zdnet.com,Female,194.253.222.173
208,Bobbie,Jakubowski,bjakubowski5r@instagram.com,Male,76.52.163.82
209,Carlita,Demangeot,cdemangeot5s@army.mil,Female,91.139.40.53
210,Arleen,Dart,adart5t@columbia.edu,Female,191.194.201.158
211,Amby,Timbs,atimbs5u@cdc.gov,Male,244.25.95.207
212,Ole,Domleo,odomleo5v@blog.com,Male,19.242.184.13
213,Thibaut,Colquite,tcolquite5w@virginia.edu,Male,195.139.116.17
214,Nap,Gelder,ngelder5x@facebook.com,Male,67.236.91.226
215,Erskine,Pretsel,epretsel5y@adobe.com,Male,132.173.44.163
216,Royall,Simonelli,rsimonelli5z@answers.com,Male,105.0.129.10
217,Berni,Steers,bsteers60@wordpress.com,Female,93.87.180.32
218,Teriann,Cowpertwait,tcowpertwait61@buzzfeed.com,Female,221.132.200.112
219,Douglas,Aitken,daitken62@dell.com,Male,27.116.11.85
220,Maynord,Mottram,mmottram63@whitehouse.gov,Male,112.224.67.133
221,Ginger,Espinosa,gespinosa64@amazon.co.uk,Male,8.182.71.34
222,Ely,Ainscough,eainscough65@go.com,Male,254.42.59.29
223,Gillie,Rennock,grennock66@weather.com,Female,160.247.87.147
224,Perle,Habershaw,phabershaw67@about.me,Female,143.251.169.70
225,Brenn,Lucy,blucy68@unc.edu,Female,224.105.184.153
226,Kathleen,Leveridge,kleveridge69@timesonline.co.uk,Female,20.224.209.164
227,Findlay,Seawell,fseawell6a@bbc.co.uk,Male,84.83.153.124
228,Skip,Cottie,scottie6b@google.com.hk,Male,170.70.139.141
229,Raleigh,Micheu,rmicheu6c@a8.net,Male,129.39.213.74
230,Xavier,Cutchee,xcutchee6d@altervista.org,Male,237.240.240.19
231,Thomasina,Claringbold,tclaringbold6e@i2i.jp,Female,193.2.219.151
232,Doro,Espinal,despinal6f@cpanel.net,Female,241.9.255.114
,Pip,Devany,,Male,174.143.163.22
234,Patrica,Trinkwon,ptrinkwon6h@webnode.com,Female,92.36.35.255
235,Josselyn,Abisetti,jabisetti6i@nasa.gov,Female,94.25.183.145
236,Ceil,Goadsby,cgoadsby6j@answers.com,Female,64.196.223.96
237,Gregoor,Knowlton,gknowlton6k@hubpages.com,Male,102.23.49.67
238,Cyndia,Peachment,cpeachment6l@photobucket.com,Female,246.131.103.168
239,Donavon,Yeoman,dyeoman6m@prweb.com,Male,179.109.205.104
240,Tabb,Derle,tderle6n@xinhuanet.com,Male,228.198.213.100
241,Harlie,Kynder,hkynder6o@myspace.com,Female,56.186.195.216
242,Donia,Marquot,dmarquot6p@boston.com,Female,188.87.134.79
243,Marget,Matthaus,mmatthaus6q@photobucket.com,Female,55.240.167.17
244,Hyacinth,Bee,hbee6r@washingtonpost.com,Female,194.163.137.201
,Craggy,Labrenz,,Male,193.70.236.47
246,Kirsteni,Lamey,klamey6t@illinois.edu,Female,65.84.234.159
247,Luz,Darinton,ldarinton6u@nbcnews.com,Female,252.126.33.133
248,Cammy,Pynner,cpynner6v@uiuc.edu,Male,224.75.167.5
249,Gregorio,Zimmerman,gzimmerman6w@archive.org,Male,159.73.223.252
250,Wallas,Larret,wlarret6x@jimdo.com,Male,75.207.58.235
251,Jarad,Leggate,jleggate6y@myspace.com,Male,45.235.80.248
252,Buddy,Finlay,bfinlay6z@wufoo.com,Male,24.122.124.186
253,Fidelia,Mungane,fmungane70@yahoo.com,Female,227.161.87.210
254,Sibylla,Giovanizio,sgiovanizio71@who.int,Female,82.82.218.211
255,Barry,Wiszniewski,bwiszniewski72@thetimes.co.uk,Female,203.180.190.252
256,Lilia,Meier,lmeier73@elpais.com,Female,236.125.96.102
257,Wittie,Heyball,wheyball74@prweb.com,Male,198.16.96.69
258,Rutledge,Tucknott,rtucknott75@so-net.ne.jp,Male,44.209.14.81
259,Reggie,Balls,rballs76@bing.com,Male,81.174.48.207
260,Davine,Gobolos,dgobolos77@slideshare.net,Female,71.81.233.13
261,Tedie,Sebert,tsebert78@jimdo.com,Male,45.213.70.112
,Hasty,Brunesco,,Male,137.11.179.215
263,Gerardo,Cardall,gcardall7a@smh.com.au,Male,52.23.101.79
264,Ignatius,MacCheyne,imaccheyne7b@a8.net,Male,109.237.109.76
265,Swen,Connah,sconnah7c@sciencedirect.com,Male,146.151.85.29
266,Tadio,Butson,tbutson7d@sun.com,Male,125.151.185.80
267,Meggie,Pomeroy,mpomeroy7e@google.ru,Female,117.69.240.109
268,Paulina,Philipot,pphilipot7f@wikimedia.org,Female,93.71.137.244
269,Rebe,McCamish,rmccamish7g@163.com,Female,67.43.198.142
270,Trey,Benaine,tbenaine7h@aol.com,Male,231.30.85.200
271,Marius,Schuelcke,mschuelcke7i@gravatar.com,Male,160.219.150.173
272,Harp,Stirland,hstirland7j@go.com,Male,161.22.146.95
273,Rodrique,Toft,rtoft7k@xinhuanet.com,Male,128.206.190.213
274,Worthington,Bassham,wbassham7l@delicious.com,Male,102.46.31.252
275,Raimund,Merrell,rmerrell7m@homestead.com,Male,3.91.11.91
276,Ingrim,Priver,ipriver7n@harvard.edu,Male,159.130.101.223
,Inge,Glauber,,Female,219.33.250.156
278,Korry,Golland,kgolland7p@wufoo.com,Female,170.241.101.221
279,Ericha,Dounbare,edounbare7q@comsenz.com,Female,136.235.67.139
280,Riobard,Kepling,rkepling7r@ebay.com,Male,247.32.86.113
281,Lianne,Packington,lpackington7s@dell.com,Female,53.175.81.119
282,Abagael,Jemmett,ajemmett7t@stanford.edu,Female,95.97.57.234
283,Othilia,Dredge,odredge7u@joomla.org,Female,155.251.100.10
284,Dene,O'Dowling,dodowling7v@photobucket.com,Male,185.168.172.19
285,Zulema,Skuce,zskuce7w@shutterfly.com,Female,204.149.163.140
286,Joane,Loveland,jloveland7x@alexa.com,Female,13.236.132.128
287,Giulietta,Delany,gdelany7y@printfriendly.com,Female,157.170.82.236
288,Prinz,Keyzman,pkeyzman7z@chicagotribune.com,Male,15.227.17.184
289,Tabina,Autin,tautin80@php.net,Female,189.223.31.106
290,Robb,Stollberger,rstollberger81@edublogs.org,Male,99.26.184.184
291,Shawnee,Junkison,sjunkison82@cbc.ca,Female,169.34.234.91
292,Worthy,Fredy,wfredy83@cnn.com,Male,28.79.87.144
293,Russell,Brimson,rbrimson84@cam.ac.uk,Male,241.152.206.230
294,Kaine,Deeves,kdeeves85@goo.gl,Male,186.229.47.44
,Calli,Hardage,,Female,141.31.117.66
296,Gerome,Wilding,gwilding87@cbc.ca,Male,79.228.137.13
297,Avivah,Bertot,abertot88@slate.com,Female,209.41.222.161
298,Annabell,Bax,abax89@rediff.com,Female,9.249.229.39
,Griff,Marnes,,Male,16.159.81.155
300,Sig,Campkin,scampkin8b@ox.ac.uk,Male,44.110.83.50
301,Debora,Markova,dmarkova8c@wikimedia.org,Female,75.38.252.153
302,Horst,Billing,hbilling8d@dedecms.com,Male,30.27.166.149
303,Isadore,Pittway,ipittway8e@jalbum.net,Male,28.62.185.60
304,Sebastien,McArd,smcard8f@mashable.com,Male,231.154.168.197
305,Opal,MacHoste,omachoste8g@comcast.net,Female,167.226.212.221
306,Bary,Andriveaux,bandriveaux8h@163.com,Male,109.99.141.26
307,Collete,Gallant,cgallant8i@tumblr.com,Female,36.42.209.51
308,Terencio,Hansman,thansman8j@netvibes.com,Male,25.173.103.244
309,John,Dolphin,jdolphin8k@hexun.com,Male,167.175.120.54
310,Florenza,Phettis,fphettis8l@altervista.org,Female,126.148.33.171
311,Urbano,Shallo,ushallo8m@whitehouse.gov,Male,178.210.29.37
312,Phoebe,Tingcomb,ptingcomb8n@shareasale.com,Female,161.59.184.13
313,Fae,Boyland,fboyland8o@instagram.com,Female,3.208.78.55
314,Aurilia,Wolfenden,awolfenden8p@geocities.jp,Female,124.224.105.254
315,Gerrard,Inglish,ginglish8q@yellowpages.com,Male,230.79.79.44
316,Wylma,Need,wneed8r@feedburner.com,Female,199.214.57.76
317,Gerianne,Gostling,ggostling8s@hp.com,Female,76.184.111.38
318,Les,Corn,lcorn8t@google.it,Male,250.21.183.238
319,Linnea,Kinchington,lkinchington8u@123-reg.co.uk,Female,253.211.238.132
320,Leigha,Phizackerly,lphizackerly8v@oaic.gov.au,Female,241.39.1.75
321,Pebrook,Lownds,plownds8w@eventbrite.com,Male,68.91.48.138
322,Randi,Silliman,rsilliman8x@phpbb.com,Female,47.79.235.7
323,Shawn,Collabine,scollabine8y@biglobe.ne.jp,Male,106.152.109.160
324,Dulci,Manneville,dmanneville8z@adobe.com,Female,97.4.221.105
325,Rancell,Notman,rnotman90@irs.gov,Male,161.124.192.19
326,Corena,Piotrkowski,cpiotrkowski91@yahoo.co.jp,Female,156.126.0.12
327,Holly,Danton,hdanton92@chicagotribune.com,Female,86.94.71.1
328,Irv,Wearden,iwearden93@ft.com,Male,173.30.107.54
329,Annabelle,Fero,afero94@friendfeed.com,Female,114.90.5.78
330,Wanda,Hardingham,whardingham95@marketwatch.com,Female,245.33.74.166
331,Joyce,Ibbeson,jibbeson96@cornell.edu,Female,19.23.221.42
332,Giana,Armstead,garmstead97@usda.gov,Female,136.130.251.162
333,Nomi,Levy,nlevy98@huffingtonpost.com,Female,179.27.208.242
334,Aloysia,Gurry,agurry99@nih.gov,Female,241.125.154.180
335,Elisha,Semiraz,esemiraz9a@chronoengine.com,Female,52.52.19.205
336,Sorcha,Cellier,scellier9b@example.com,Female,44.179.125.139
337,Kiah,Howieson,khowieson9c@purevolume.com,Female,69.129.36.126
338,Alistair,Itzak,aitzak9d@usa.gov,Male,184.112.205.242
339,Yankee,Scoffham,yscoffham9e@chronoengine.com,Male,200.243.69.126
340,Blake,Janic,bjanic9f@arizona.edu,Female,244.2.202.158
341,Lorine,Playdon,lplaydon9g@shutterfly.com,Female,156.18.40.77
342,Rutger,Ciccarello,rciccarello9h@eepurl.com,Male,110.126.57.32
343,Jocelyn,Hairyes,jhairyes9i@forbes.com,Female,10.14.5.167
344,Idell,Cogger,icogger9j@com.com,Female,253.18.68.25
345,Andee,Bircher,abircher9k@com.com,Female,15.31.18.152
346,Vikki,Marco,vmarco9l@prlog.org,Female,110.106.155.153
347,Marvin,Mettricke,mmettricke9m@google.com.br,Male,152.203.23.200
,Lemuel,Torrecilla,,Male,143.42.59.237
349,Lilith,Gomersall,lgomersall9o@alibaba.com,Female,244.164.184.13
350,Alphard,Tarbet,atarbet9p@de.vu,Male,3.108.113.215
351,Darin,Jannings,djannings9q@soundcloud.com,Male,23.172.27.35
352,Isador,Pickrill,ipickrill9r@feedburner.com,Male,22.130.45.127
353,Dareen,Bale,dbale9s@state.tx.us,Female,26.254.194.151
354,Mackenzie,Jecock,mjecock9t@cyberchimps.com,Male,120.210.126.215
355,Guinevere,Ridings,gridings9u@yale.edu,Female,220.149.90.112
356,Tonie,D'Agostino,tdagostino9v@bandcamp.com,Female,199.232.156.214
357,Becky,Airlie,bairlie9w@jigsy.com,Female,96.234.182.123
358,Charmane,Swaite,cswaite9x@baidu.com,Female,184.69.195.150
359,Ninnette,Liepina,nliepina9y@slashdot.org,Female,97.161.72.32
360,Valma,Lorek,vlorek9z@samsung.com,Female,219.57.201.227
361,Abie,Barus,abarusa0@wisc.edu,Male,214.61.248.99
362,Siobhan,Riseborough,sriseborougha1@hp.com,Female,126.80.152.15
363,Kit,Rickett,kricketta2@hc360.com,Male,176.25.49.111
364,Ettore,Inchan,einchana3@jugem.jp,Male,232.25.58.18
365,Gwyn,Mousley,gmousleya4@networkadvertising.org,Female,249.148.148.115
366,Ambrosius,Stellin,astellina5@rediff.com,Male,89.200.199.167
367,Graig,Le Blond,gleblonda6@irs.gov,Male,23.24.113.211
368,Miner,Strathman,mstrathmana7@reuters.com,Male,109.110.86.91
369,Janis,Challice,jchallicea8@furl.net,Female,5.60.96.91
370,Carlye,Barkhouse,cbarkhousea9@unesco.org,Female,62.153.18.254
371,Giorgi,Nielson,gnielsonaa@printfriendly.com,Male,9.24.241.71
372,Karita,Balle,kballeab@shutterfly.com,Female,183.202.117.223
373,Herold,McCurt,hmccurtac@seattletimes.com,Male,204.116.149.153
374,Lauren,Duthie,lduthiead@edublogs.org,Male,226.123.196.239
375,Link,Geharke,lgeharkeae@timesonline.co.uk,Male,100.155.108.68
376,Maryanne,Phillps,mphillpsaf@fda.gov,Female,94.205.67.182
377,Mahmud,Garley,mgarleyag@aol.com,Male,98.139.96.30
378,Shurlock,Davitashvili,sdavitashviliah@npr.org,Male,111.166.25.208
379,Artemis,Draaisma,adraaismaai@netvibes.com,Male,20.78.220.101
380,Lothaire,Hardin,lhardinaj@biglobe.ne.jp,Male,36.249.166.183
381,Elenore,Plitz,eplitzak@japanpost.jp,Female,77.99.14.34
382,Molly,Moisey,mmoiseyal@wikia.com,Female,170.32.12.62
383,Veronica,Crothers,vcrothersam@discuz.net,Female,21.172.151.62
384,Alberta,Elmes,aelmesan@purevolume.com,Female,180.115.201.112
385,Sherm,De Coursey,sdecourseyao@businessinsider.com,Male,138.213.199.199
386,Natty,Ponting,npontingap@accuweather.com,Male,214.189.232.200
387,Anetta,Marzelo,amarzeloaq@wikimedia.org,Female,168.110.251.87
388,Cobb,Rawcliffe,crawcliffear@home.pl,Male,109.193.15.120
389,Chloe,Magister,cmagisteras@devhub.com,Female,129.234.149.255
,Nobe,Graalman,,Male,92.191.8.232
391,Sibilla,MacPhee,smacpheeau@ameblo.jp,Female,59.74.200.229
392,Ephrem,Eliassen,eeliassenav@wufoo.com,Male,144.65.138.101
393,Iggie,Winchcomb,iwinchcombaw@people.com.cn,Male,226.141.17.128
394,Brit,Blomfield,bblomfieldax@over-blog.com,Male,18.149.247.62
395,Raymund,Richard,rricharday@paginegialle.it,Male,29.243.175.27
396,Hyacinthie,Lestrange,hlestrangeaz@tuttocitta.it,Female,235.82.161.174
397,Michal,Peskett,mpeskettb0@chicagotribune.com,Female,11.219.22.160
398,Haily,Meehan,hmeehanb1@go.com,Female,6.104.180.48
399,Willdon,Bidwell,wbidwellb2@sogou.com,Male,192.20.36.140
400,Creighton,Sweatman,csweatmanb3@a8.net,Male,76.2.210.23
401,Kata,Benger,kbengerb4@irs.gov,Female,40.23.227.78
402,Joela,St. Quentin,jstquentinb5@skyrock.com,Female,39.47.63.42
403,Fonsie,Eichmann,feichmannb6@addtoany.com,Male,214.243.26.109
,Conant,Hawler,,Male,57.94.26.165
,Pat,Boyall,,Male,149.142.229.83
406,Berna,Bohey,bboheyb9@mediafire.com,Female,82.136.105.215
407,Elysia,Moatt,emoattba@google.nl,Female,117.224.208.176
,Garrard,Scoble,,Male,122.211.196.104
409,Jarvis,Aicken,jaickenbc@youtube.com,Male,153.33.85.107
410,Ilyssa,Leathes,ileathesbd@live.com,Female,226.16.78.72
411,Jo-ann,Langford,jlangfordbe@parallels.com,Female,255.79.181.227
412,Carmine,Denisovich,cdenisovichbf@sourceforge.net,Male,225.141.215.79
413,Elliot,Orwin,eorwinbg@acquirethisname.com,Male,127.101.170.117
414,Kirsteni,De Lorenzo,kdelorenzobh@engadget.com,Female,45.130.228.138
415,Denise,Stummeyer,dstummeyerbi@dot.gov,Female,180.105.67.127
416,Kippar,Kee,kkeebj@state.tx.us,Male,248.72.35.234
417,Rebbecca,Delmage,rdelmagebk@printfriendly.com,Female,194.27.238.52
418,Ryley,Reilly,rreillybl@aboutads.info,Male,248.30.24.186
419,Cordelie,Leppington,cleppingtonbm@edublogs.org,Female,79.130.78.141
420,Chiarra,Lound,cloundbn@harvard.edu,Female,114.175.185.219
421,Mayne,McEniry,mmcenirybo@fc2.com,Male,113.52.122.35
422,Moise,McGovern,mmcgovernbp@sogou.com,Male,87.209.98.244
423,Evelin,Gates,egatesbq@cocolog-nifty.com,Male,15.104.43.244
424,Lucien,Hanway,lhanwaybr@miitbeian.gov.cn,Male,123.91.215.182
425,Padriac,Pateman,ppatemanbs@answers.com,Male,29.236.86.80
426,Haze,Gallear,hgallearbt@chron.com,Male,231.19.67.174
427,Corry,Jirzik,cjirzikbu@ask.com,Female,188.8.223.52
428,Carolina,Leipnik,cleipnikbv@huffingtonpost.com,Female,83.181.140.205
429,Thayne,Fri,tfribw@networksolutions.com,Male,250.41.46.220
430,Daria,O'Cahsedy,docahsedybx@un.org,Female,37.49.206.200
431,Garey,Phorsby,gphorsbyby@scientificamerican.com,Male,176.184.222.35
432,Lazaro,Ladon,lladonbz@imdb.com,Male,116.214.243.38
433,Leicester,Taberner,ltabernerc0@usgs.gov,Male,187.74.96.159
434,Sheila,Polley,spolleyc1@pinterest.com,Female,194.145.112.229
435,Jules,Dmitrievski,jdmitrievskic2@hp.com,Male,46.31.110.52
436,Francklyn,Sames,fsamesc3@moonfruit.com,Male,218.194.106.185
437,Freddy,Landrean,flandreanc4@xrea.com,Female,21.47.12.67
438,Jourdan,Jermin,jjerminc5@sun.com,Female,147.217.121.76
439,Kally,Powell,kpowellc6@1688.com,Female,116.166.48.1
440,Alphonse,Poulglais,apoulglaisc7@google.co.jp,Male,24.113.17.8
441,Yvon,Hacon,yhaconc8@cmu.edu,Male,24.219.196.107
442,Marcelo,Ocklin,mocklinc9@bbb.org,Male,114.126.216.217
443,Rafi,Dietzler,rdietzlerca@washingtonpost.com,Male,119.191.186.48
444,Cory,Langtry,clangtrycb@infoseek.co.jp,Male,92.236.57.222
445,Daveta,Andrzejewski,dandrzejewskicc@so-net.ne.jp,Female,160.229.109.54
446,Gaultiero,Cuschieri,gcuschiericd@google.pl,Male,70.66.86.106
447,Brooks,Meates,bmeatesce@goodreads.com,Female,230.168.132.10
448,Chelsie,Hazeldene,chazeldenecf@sina.com.cn,Female,35.157.192.231
449,Phillis,Bold,pboldcg@theatlantic.com,Female,252.107.27.137
450,Erin,Harrowell,eharrowellch@blogtalkradio.com,Male,122.213.79.119
451,Elga,Ovid,eovidci@live.com,Female,3.36.167.15
452,Duky,Domek,ddomekcj@google.fr,Male,18.141.58.15
453,Adelbert,Demangel,ademangelck@foxnews.com,Male,159.42.69.184
454,Beale,Everton,bevertoncl@prweb.com,Male,81.218.28.91
455,Sindee,Poluzzi,spoluzzicm@about.me,Female,201.122.217.223
456,Warner,Kehri,wkehricn@digg.com,Male,166.129.242.239
,Sansone,Gravy,,Male,185.51.99.55
458,Verene,Payn,vpayncp@oakley.com,Female,132.212.99.234
459,Fianna,Bosse,fbossecq@wikia.com,Female,68.98.74.59
460,Troy,Sacase,tsacasecr@japanpost.jp,Male,139.8.247.181
461,Victoir,Millership,vmillershipcs@tumblr.com,Male,198.46.212.190
462,Ulick,MacManus,umacmanusct@theguardian.com,Male,119.2.114.24
463,Kimberly,Cinavas,kcinavascu@constantcontact.com,Female,77.253.90.136
464,Cherrita,Duckett,cduckettcv@gravatar.com,Female,21.210.68.249
465,Sybille,Arent,sarentcw@youku.com,Female,152.136.7.80
466,Carla,Axtell,caxtellcx@sfgate.com,Female,152.49.43.27
,Harmony,Castenda,,Female,166.71.133.221
468,Cinderella,Cawthra,ccawthracz@cloudflare.com,Female,139.185.132.46
469,Danna,Fry,dfryd0@icq.com,Female,160.222.242.93
470,Trenton,Oggers,toggersd1@symantec.com,Male,181.107.112.250
471,Dru,Harker,dharkerd2@gmpg.org,Male,97.239.177.192
472,Leigh,Coldbathe,lcoldbathed3@adobe.com,Male,41.197.245.229
473,Kaspar,Wyness,kwynessd4@vimeo.com,Male,195.137.180.100
474,Ambrosius,Frankcombe,afrankcombed5@purevolume.com,Male,93.201.68.152
475,Christophe,Augustus,caugustusd6@youtube.com,Male,151.181.230.96
476,Otis,Hyett,ohyettd7@marriott.com,Male,194.70.107.38
477,Aleece,Savin,asavind8@printfriendly.com,Female,226.55.87.0
478,Lacy,Jennison,ljennisond9@bloglovin.com,Female,209.25.87.17
479,Amargo,Jurzyk,ajurzykda@qq.com,Female,176.82.204.18
480,Trudey,Petchell,tpetchelldb@timesonline.co.uk,Female,25.180.217.203
481,Em,Castellaccio,ecastellacciodc@psu.edu,Female,107.81.229.88
482,Moishe,Bannard,mbannarddd@fda.gov,Male,120.103.238.4
483,Geordie,Carlon,gcarlonde@baidu.com,Male,16.8.85.206
484,Nicola,Lanning,nlanningdf@timesonline.co.uk,Female,219.217.62.225
485,Kele,Broxton,kbroxtondg@networksolutions.com,Male,4.252.136.9
486,Erl,Ede,eededh@rambler.ru,Male,27.16.78.198
487,Cordula,Duran,cdurandi@ft.com,Female,102.115.143.165
488,Shina,Meigh,smeighdj@utexas.edu,Female,0.178.57.64
489,Hermine,Foot,hfootdk@sbwire.com,Female,81.29.200.215
490,Philipa,Bracco,pbraccodl@google.ca,Female,33.129.220.106
,Berta,Autie,,Female,220.230.203.152
492,Steffen,Aronson,saronsondn@nih.gov,Male,75.164.109.102
493,Florencia,Curnnokk,fcurnnokkdo@csmonitor.com,Female,137.206.218.251
494,Luigi,Hourihane,lhourihanedp@engadget.com,Male,10.240.111.41
495,Maurise,Rooper,mrooperdq@hao123.com,Male,245.227.110.207
496,Marco,Vassman,mvassmandr@wikia.com,Male,82.143.183.175
497,Lorrie,Huckle,lhuckleds@usatoday.com,Female,254.57.254.45
498,Tilda,Maplesden,tmaplesdendt@github.io,Female,113.101.187.146
499,Augustus,Purdon,apurdondu@techcrunch.com,Male,89.31.75.75
500,Veronike,Rumgay,vrumgaydv@un.org,Female,247.53.153.226
501,Jilleen,Rawling,jrawlingdw@aboutads.info,Female,202.95.212.8
502,Gavra,Tindall,gtindalldx@google.com,Female,37.92.251.54
503,Lyn,Ayre,layredy@vk.com,Female,163.195.152.145
,Constantin,MacAdam,,Male,181.175.232.183
505,Christophorus,Dik,cdike0@eventbrite.com,Male,103.186.132.6
,Kerk,Realph,,Male,97.11.198.152
507,Si,Cockarill,scockarille2@columbia.edu,Male,187.60.199.126
508,Towney,Spatoni,tspatonie3@nsw.gov.au,Male,201.96.218.75
509,Arlana,Carn,acarne4@amazon.co.uk,Female,197.249.174.83
510,Wynn,Kilcoyne,wkilcoynee5@a8.net,Male,95.53.62.169
511,Kayley,Fassan,kfassane6@bigcartel.com,Female,8.76.118.144
512,Josepha,Oxburgh,joxburghe7@networkadvertising.org,Female,214.47.116.25
513,Rufe,Currum,rcurrume8@exblog.jp,Male,161.175.67.211
514,Terese,Brewins,tbrewinse9@istockphoto.com,Female,162.17.72.122
515,Monica,Regglar,mregglarea@w3.org,Female,11.180.51.108
516,Melly,MacLure,mmaclureeb@ebay.co.uk,Female,50.155.102.192
517,Forrest,Oldnall,foldnallec@cam.ac.uk,Male,5.110.144.174
518,Broddy,Dudden,bduddened@wiley.com,Male,242.48.198.195
519,Sanson,Zack,szackee@nih.gov,Male,61.14.203.246
520,Dee,Bohman,dbohmanef@plala.or.jp,Female,91.40.91.205
521,Carter,Wraight,cwraighteg@japanpost.jp,Male,68.29.102.244
522,Barnabe,Kinder,bkindereh@istockphoto.com,Male,221.157.12.157
523,Seline,McPhillimey,smcphillimeyei@home.pl,Female,243.248.180.202
524,Clemmy,Aynold,caynoldej@hp.com,Male,175.147.83.146
525,Rosette,Chance,rchanceek@wired.com,Female,135.145.80.65
526,Mechelle,Scandroot,mscandrootel@google.com.hk,Female,211.64.194.229
527,Olivia,Vitall,ovitallem@ft.com,Female,89.112.55.3
528,Jeannie,Chatell,jchatellen@java.com,Female,205.209.148.73
,Mersey,Edgeworth,,Female,94.248.246.40
530,Fairlie,Caldero,fcalderoep@bigcartel.com,Male,8.168.138.90
531,Yetta,Esherwood,yesherwoodeq@economist.com,Female,184.51.239.203
532,Nikolos,Gresswell,ngressweller@google.co.uk,Male,170.123.209.33
533,Timi,Alen,talenes@amazon.co.uk,Female,120.185.54.67
534,Beatriz,Stable,bstableet@amazon.co.jp,Female,80.180.8.33
535,Vergil,Harraway,vharrawayeu@dropbox.com,Male,90.50.158.243
536,Georgine,Leborgne,gleborgneev@weebly.com,Female,184.216.15.240
,Gan,Niezen,,Male,215.217.232.168
538,Kale,Sweatman,ksweatmanex@feedburner.com,Male,248.114.33.250
539,Ingrim,Snare,isnareey@dedecms.com,Male,53.202.177.246
540,Marlene,Dallaway,mdallawayez@senate.gov,Female,48.25.92.122
541,Kenny,Olivella,kolivellaf0@goodreads.com,Male,142.29.206.182
542,Masha,MacGahy,mmacgahyf1@unc.edu,Female,121.190.82.161
543,Natasha,Tern,nternf2@earthlink.net,Female,133.220.70.79
544,Wayland,Percifer,wperciferf3@webmd.com,Male,240.89.90.51
545,Zoe,Owers,zowersf4@buzzfeed.com,Female,248.125.131.195
546,Jerad,O'Hartagan,johartaganf5@amazonaws.com,Male,141.139.136.35
547,Burt,Harcase,bharcasef6@behance.net,Male,77.119.89.54
548,Stephine,Grene,sgrenef7@hugedomains.com,Female,32.108.69.90
549,Angel,Garrick,agarrickf8@netscape.com,Male,125.247.217.0
,Sonnie,Jenkinson,,Male,45.54.66.84
551,Lena,Shoard,lshoardfa@shinystat.com,Female,109.248.231.171
552,Spenser,Whitelock,swhitelockfb@wikispaces.com,Male,211.196.57.84
553,Toddie,McCorrie,tmccorriefc@si.edu,Male,251.156.254.198
554,Mikel,Barke,mbarkefd@t.co,Male,61.91.171.64
555,Pattin,Adamski,padamskife@list-manage.com,Male,139.163.169.147
556,Mallory,Peniello,mpenielloff@oracle.com,Male,254.37.135.90
557,Merwin,McCullough,mmcculloughfg@exblog.jp,Male,161.21.136.167
558,Shea,Jordanson,sjordansonfh@biglobe.ne.jp,Male,154.225.197.104
,Homerus,Hirjak,,Male,119.54.157.162
560,Ludvig,Threader,lthreaderfj@facebook.com,Male,213.95.203.99
561,Alain,Rableau,arableaufk@domainmarket.com,Male,6.197.34.56
562,Beryl,Gowman,bgowmanfl@sbwire.com,Female,214.211.74.42
563,Booth,Forth,bforthfm@nature.com,Male,85.153.124.145
564,Phillipp,Phillcox,pphillcoxfn@ted.com,Male,185.159.216.192
565,Stephine,Faragan,sfaraganfo@rambler.ru,Female,219.190.73.250
566,Romain,Coslett,rcoslettfp@xing.com,Male,198.200.245.58
567,Ruby,Idale,ridalefq@amazon.co.uk,Male,184.71.148.213
,Angeli,Rosengart,,Male,222.198.68.68
569,Ty,Branchet,tbranchetfs@ning.com,Male,34.231.77.150
570,Nial,Birkin,nbirkinft@economist.com,Male,203.250.246.48
571,Galina,Hawkett,ghawkettfu@example.com,Female,0.143.46.213
572,Ced,Dows,cdowsfv@npr.org,Male,157.97.157.45
573,Skipp,Boaler,sboalerfw@vistaprint.com,Male,189.208.224.72
574,Lacey,Hof,lhoffx@purevolume.com,Female,56.216.44.176
,Jeramie,Aucutt,,Male,196.89.28.238
576,Leonardo,Slaten,lslatenfz@ox.ac.uk,Male,141.255.115.254
577,Caresse,Thelwll,cthelwllg0@prnewswire.com,Female,8.176.32.116
578,Blakelee,Issard,bissardg1@earthlink.net,Female,36.125.135.158
579,Charmain,Thomlinson,cthomlinsong2@phpbb.com,Female,191.200.137.30
580,Shannon,Gouldie,sgouldieg3@pcworld.com,Female,116.15.117.244
581,Amelie,Snozzwell,asnozzwellg4@quantcast.com,Female,102.135.167.215
582,Bradford,Chessill,bchessillg5@comsenz.com,Male,171.21.224.255
583,Vinnie,Pickervance,vpickervanceg6@pcworld.com,Male,147.13.55.124
584,Sheila-kathryn,Kenshole,skensholeg7@amazon.co.uk,Female,21.126.85.56
585,Garrott,Patron,gpatrong8@moonfruit.com,Male,174.156.117.51
586,Claudetta,Lincey,clinceyg9@msu.edu,Female,131.248.96.248
587,Dalenna,Stannas,dstannasga@cargocollective.com,Female,138.111.100.200
588,Emily,O' Kelleher,eokellehergb@amazonaws.com,Female,207.158.140.189
589,Phoebe,Goodger,pgoodgergc@ucoz.com,Female,56.139.201.140
590,Chariot,Isted,cistedgd@umich.edu,Male,56.253.231.173
591,Bear,Crichten,bcrichtenge@dailymotion.com,Male,35.227.231.235
592,Beniamino,Gealle,bgeallegf@abc.net.au,Male,84.64.219.189
593,Bendicty,Grabham,bgrabhamgg@a8.net,Male,201.229.251.177
594,Georgeanna,Trimnell,gtrimnellgh@nytimes.com,Female,31.200.90.88
595,Cheri,Dimitresco,cdimitrescogi@mozilla.com,Female,255.73.170.63
596,Wendel,Stonebridge,wstonebridgegj@creativecommons.org,Male,143.228.234.196
,Jeremy,Edensor,,Male,15.89.222.33
598,Anne-corinne,Furby,afurbygl@over-blog.com,Female,48.8.149.237
,Sile,Andras,,Female,194.93.48.250
600,Amalita,Clare,aclaregn@java.com,Female,221.152.244.180
601,Stephani,Lavell,slavellgo@networksolutions.com,Female,95.238.241.174
602,Obadiah,Farrear,ofarreargp@reference.com,Male,17.218.103.72
603,Miller,Lehrian,mlehriangq@msn.com,Male,245.221.119.203
604,Inglebert,Pock,ipockgr@shop-pro.jp,Male,137.27.121.224
605,Armando,Beggin,abeggings@yahoo.com,Male,69.178.197.189
,Tonia,McQuaide,,Female,144.8.168.235
607,Nat,Rimer,nrimergu@economist.com,Female,210.101.142.146
608,Arliene,Sturch,asturchgv@usnews.com,Female,130.157.194.35
609,Todd,St. John,tstjohngw@alexa.com,Male,83.38.62.219
,Brooks,Varcoe,,Male,122.252.123.164
611,Jake,Gerald,jgeraldgy@senate.gov,Male,62.92.200.177
612,Rianon,Godman,rgodmangz@studiopress.com,Female,152.171.124.63
613,Jaye,Bulfoot,jbulfooth0@tumblr.com,Male,88.108.36.195
614,Katrina,Berwick,kberwickh1@sohu.com,Female,164.46.24.47
615,Hallsy,Netley,hnetleyh2@cnet.com,Male,170.102.146.251
616,Manny,Smowton,msmowtonh3@dagondesign.com,Male,181.49.18.218
617,Winni,Gallyhaock,wgallyhaockh4@homestead.com,Female,209.24.152.167
618,Leland,Stalley,lstalleyh5@about.com,Female,182.209.10.144
619,Torre,Cowper,tcowperh6@parallels.com,Male,41.59.239.14
,Christye,Colcutt,,Female,26.177.62.144
621,Colver,Hauger,chaugerh8@php.net,Male,217.13.247.170
622,Benni,McLarnon,bmclarnonh9@lulu.com,Female,22.38.189.84
623,Joy,Tweede,jtweedeha@loc.gov,Female,30.98.172.228
624,Carlyle,Brealey,cbrealeyhb@toplist.cz,Male,73.126.54.238
625,Curtice,Taylour,ctaylourhc@mysql.com,Male,153.71.226.195
,Honor,Strowther,,Female,140.208.84.15
627,Elsi,Trillo,etrillohe@utexas.edu,Female,245.37.16.66
628,Olly,Brazear,obrazearhf@mysql.com,Male,129.11.218.236
629,Meyer,Nemchinov,mnemchinovhg@meetup.com,Male,145.98.209.253
630,Aksel,Ruit,aruithh@sfgate.com,Male,117.153.179.46
631,Berrie,Fallon,bfallonhi@ft.com,Female,229.210.59.51
632,Osgood,Allsworth,oallsworthhj@ibm.com,Male,78.17.239.192
633,Thatcher,Cadge,tcadgehk@nature.com,Male,2.5.135.46
634,Esmeralda,McGall,emcgallhl@salon.com,Female,69.184.225.23
,Marita,Fero,,Female,199.82.194.72
636,Nedda,Becom,nbecomhn@wisc.edu,Female,200.110.54.58
637,Simeon,Kinmond,skinmondho@ed.gov,Male,27.198.228.191
638,Megan,Adamkiewicz,madamkiewiczhp@slideshare.net,Female,136.24.36.80
639,Gretel,Tizard,gtizardhq@sciencedaily.com,Female,33.64.103.174
640,Aldridge,Coots,acootshr@yolasite.com,Male,72.163.143.80
641,Danita,Welbourn,dwelbournhs@g.co,Female,102.218.202.14
642,Delainey,Portwaine,dportwaineht@harvard.edu,Male,97.27.2.209
643,Jackquelin,Le Blanc,jleblanchu@jimdo.com,Female,180.247.3.9
644,Tobias,Feacham,tfeachamhv@blogger.com,Male,53.186.226.28
645,Lazare,Shane,lshanehw@disqus.com,Male,163.62.96.144
646,Elisabet,Cowpe,ecowpehx@bbc.co.uk,Female,249.37.251.37
647,Micheil,Cromb,mcrombhy@yellowpages.com,Male,131.170.142.41
648,Andrei,Roelvink,aroelvinkhz@a8.net,Female,163.128.153.146
649,Irina,Bastide,ibastidei0@linkedin.com,Female,183.122.138.146
650,Almeda,Jachimczak,ajachimczaki1@4shared.com,Female,79.133.120.242
651,Faun,Hamer,fhameri2@trellian.com,Female,174.12.191.7
652,Cassius,Sparrowe,csparrowei3@dmoz.org,Male,80.164.53.123
,Gunter,Mingard,,Male,113.149.76.84
654,Lothario,Ralling,lrallingi5@addthis.com,Male,25.121.15.122
655,Silvan,Le feuvre,slefeuvrei6@google.ca,Male,125.17.232.141
656,Renado,Nock,rnocki7@xrea.com,Male,212.38.194.240
657,Bernice,Vasilov,bvasilovi8@elegantthemes.com,Female,119.179.115.138
658,Thorpe,Stradling,tstradlingi9@hc360.com,Male,114.58.113.253
659,Laureen,Hastwell,lhastwellia@opera.com,Female,76.112.88.27
660,Clywd,Peoples,cpeoplesib@acquirethisname.com,Male,3.71.238.8
661,Riley,Deares,rdearesic@cisco.com,Male,66.227.236.205
,Kenna,Spriddle,,Female,156.15.196.32
663,Suzanne,Raylton,srayltonie@free.fr,Female,227.103.79.243
664,Henry,Bergeau,hbergeauif@technorati.com,Male,150.124.190.102
665,Trevar,Gramer,tgramerig@icio.us,Male,160.147.79.55
666,Templeton,Sommerville,tsommervilleih@github.com,Male,219.125.202.186
667,Crosby,Jakobssen,cjakobssenii@bravesites.com,Male,119.15.75.209
668,Hannah,Heathfield,hheathfieldij@tiny.cc,Female,192.63.6.80
669,Averil,Sperry,asperryik@storify.com,Male,215.35.74.181
670,Emmaline,Heis,eheisil@ucoz.ru,Female,105.90.53.155
671,Artemus,Kelinge,akelingeim@pbs.org,Male,64.180.136.112
672,Helaine,Gelly,hgellyin@amazon.com,Female,97.134.194.153
673,Estele,Simmance,esimmanceio@cafepress.com,Female,205.134.213.110
674,Gayle,Gillford,ggillfordip@deviantart.com,Female,213.134.16.133
675,Nixie,Cattini,ncattiniiq@godaddy.com,Female,157.34.103.243
676,Lutero,Bosche,lboscheir@hhs.gov,Male,182.58.208.236
677,Joby,Gilks,jgilksis@nbcnews.com,Female,246.37.232.3
678,Jenilee,Zmitruk,jzmitrukit@fda.gov,Female,246.110.247.74
679,Beatriz,Simionescu,bsimionescuiu@eventbrite.com,Female,98.192.62.174
680,Berne,Scurrell,bscurrelliv@tmall.com,Male,133.224.157.103
681,Wilie,Fantin,wfantiniw@craigslist.org,Female,54.72.113.203
682,Sheelah,Kindley,skindleyix@mayoclinic.com,Female,210.36.119.180
683,Elke,Benjafield,ebenjafieldiy@hud.gov,Female,126.253.18.48
684,Lura,Lippiatt,llippiattiz@bbc.co.uk,Female,120.176.198.174
685,Rudyard,Gant,rgantj0@imageshack.us,Male,246.163.113.233
686,Tabitha,Jean,tjeanj1@eventbrite.com,Female,163.166.210.138
687,Alvy,Wilmot,awilmotj2@sbwire.com,Male,222.61.149.209
688,Stephanus,Kitchenham,skitchenhamj3@bloglovin.com,Male,195.116.168.240
689,Valerye,Grayham,vgrayhamj4@discovery.com,Female,251.58.35.212
690,Wanda,Geindre,wgeindrej5@1und1.de,Female,40.244.10.135
691,Colly,Sherwen,csherwenj6@ezinearticles.com,Female,249.240.163.114
,Stephenie,Kilpin,,Female,53.48.126.221
693,Bonnibelle,Forsard,bforsardj8@ocn.ne.jp,Female,78.65.179.42
694,Nertie,Nary,nnaryj9@altervista.org,Female,197.176.224.27
695,Dorena,Hallet,dhalletja@stumbleupon.com,Female,51.56.161.50
696,Homere,Seage,hseagejb@cargocollective.com,Male,1.183.248.133
697,Robert,Snashall,rsnashalljc@goo.ne.jp,Male,237.38.158.35
698,Edin,Baudoux,ebaudouxjd@irs.gov,Female,241.36.5.136
699,Aldwin,Gionettitti,agionettittije@dailymail.co.uk,Male,171.43.147.114
700,Juline,Chree,jchreejf@nba.com,Female,202.186.39.153
,Franny,Izon,,Male,208.180.70.208
702,Major,Castelletto,mcastellettojh@google.de,Male,63.33.69.66
703,Odele,Choulerton,ochoulertonji@theglobeandmail.com,Female,21.2.21.155
704,Felic,Pagel,fpageljj@g.co,Male,29.3.161.120
,Irita,Folli,,Female,7.217.3.163
,Arni,Bicknell,,Male,2.36.39.39
707,Frasier,Fauning,ffauningjm@princeton.edu,Male,139.103.58.188
708,Charity,Renac,crenacjn@bluehost.com,Female,38.1.233.106
709,Ev,Francesco,efrancescojo@mac.com,Male,33.9.62.189
710,Allx,Orrice,aorricejp@xing.com,Female,206.162.91.197
711,Krystyna,Giannini,kgianninijq@gmpg.org,Female,75.55.170.169
712,Saxe,O'Scollain,soscollainjr@dmoz.org,Male,31.217.223.28
713,Peggie,Acosta,pacostajs@nature.com,Female,202.104.193.155
714,Arabel,Stanney,astanneyjt@theglobeandmail.com,Female,31.243.183.176
715,Peder,Truwert,ptruwertju@twitter.com,Male,202.76.53.75
716,Lynette,Bleacher,lbleacherjv@twitter.com,Female,162.117.47.178
717,Vernon,D'Acth,vdacthjw@census.gov,Male,23.125.32.168
718,Boniface,Letts,blettsjx@illinois.edu,Male,17.34.81.189
719,Gerladina,Wickling,gwicklingjy@ucoz.com,Female,219.131.60.132
720,Bendix,Malbon,bmalbonjz@imgur.com,Male,247.142.160.159
721,Codie,Starzaker,cstarzakerk0@cbsnews.com,Female,137.41.253.39
722,Maryann,Sallery,msalleryk1@stanford.edu,Female,25.97.147.255
723,Alexandra,Chue,achuek2@theatlantic.com,Female,33.30.9.147
724,Allayne,Donaho,adonahok3@ucoz.ru,Male,127.95.254.32
725,Ryan,Marrington,rmarringtonk4@woothemes.com,Male,87.133.86.232
726,Burg,Di Pietro,bdipietrok5@1und1.de,Male,184.12.52.58
727,Clem,Gippes,cgippesk6@unicef.org,Male,42.95.252.239
728,Etan,Syddie,esyddiek7@list-manage.com,Male,20.40.87.81
729,Corri,Harteley,charteleyk8@sciencedaily.com,Female,236.126.223.232
730,Wain,Kuzemka,wkuzemkak9@va.gov,Male,67.86.237.225
731,Andria,Norewood,anorewoodka@vistaprint.com,Female,69.148.82.55
732,Filip,Sackler,fsacklerkb@dagondesign.com,Male,170.118.18.174
733,Constanta,Sears,csearskc@reuters.com,Female,153.197.155.20
734,Rochester,Stonnell,rstonnellkd@google.co.uk,Male,84.12.195.169
735,Cecily,Hutchin,chutchinke@soup.io,Female,100.113.24.59
736,Celine,Agiolfinger,cagiolfingerkf@reverbnation.com,Female,131.147.71.144
737,Brita,Vido,bvidokg@blogger.com,Female,27.122.184.55
738,Karine,Gillison,kgillisonkh@hhs.gov,Female,234.97.55.76
,Sabine,Greatrex,,Female,129.93.85.245
740,Currey,Tindall,ctindallkj@time.com,Male,211.219.149.250
741,Ulrica,Rossiter,urossiterkk@dell.com,Female,43.205.158.146
742,Findley,Crim,fcrimkl@infoseek.co.jp,Male,104.230.91.148
743,Quent,Andras,qandraskm@foxnews.com,Male,245.104.133.128
744,Luther,Cowhig,lcowhigkn@sphinn.com,Male,132.15.107.27
745,Arlie,Itzkovitch,aitzkovitchko@apache.org,Female,52.159.129.71
746,Yoshiko,Pettigrew,ypettigrewkp@merriam-webster.com,Female,32.64.181.104
747,Bern,Ipwell,bipwellkq@gov.uk,Male,189.65.24.165
748,Roxine,Etchingham,retchinghamkr@sogou.com,Female,1.103.92.187
749,Derril,Troth,dtrothks@spotify.com,Male,199.102.30.254
750,Yelena,Cuberley,ycuberleykt@epa.gov,Female,160.143.121.95
751,Jacquelin,Doctor,jdoctorku@usatoday.com,Female,188.3.123.130
752,Diandra,Ugolotti,dugolottikv@howstuffworks.com,Female,87.84.159.220
753,Edgard,Fishbourne,efishbournekw@vimeo.com,Male,116.147.132.233
754,Spence,Neal,snealkx@seattletimes.com,Male,66.119.204.118
755,Celia,Prozescky,cprozesckyky@goodreads.com,Female,55.118.30.72
756,Horatius,Ferandez,hferandezkz@yellowbook.com,Male,183.233.101.253
757,Pedro,Brain,pbrainl0@wix.com,Male,11.66.65.74
758,Skye,Weafer,sweaferl1@ask.com,Male,134.71.167.58
759,Bendick,Nelm,bnelml2@github.com,Male,161.26.240.129
760,Alric,Stratz,astratzl3@unicef.org,Male,138.215.196.186
761,Marcos,Sine,msinel4@answers.com,Male,28.148.170.133
762,Boyce,Hickenbottom,bhickenbottoml5@baidu.com,Male,23.74.74.128
763,Wang,Haddleston,whaddlestonl6@state.tx.us,Male,22.136.116.81
,Denna,Reston,,Female,48.246.113.39
765,Welbie,Hailey,whaileyl8@patch.com,Male,145.7.255.91
,Roseanne,Carabine,,Female,19.249.249.250
767,Latisha,Weaving,lweavingla@networkadvertising.org,Female,99.104.43.45
,Brianne,Pfertner,,Female,150.121.91.231
769,Marleen,Gallelli,mgallellilc@amazon.co.uk,Female,215.41.145.120
770,Torrence,Espinazo,tespinazold@storify.com,Male,179.143.252.194
771,Oby,Creboe,ocreboele@vimeo.com,Male,106.246.89.7
772,Jessi,Sullly,jsulllylf@baidu.com,Female,3.11.190.58
773,Chancey,Scorthorne,cscorthornelg@tiny.cc,Male,40.111.96.250
774,Annissa,Philpault,aphilpaultlh@rediff.com,Female,76.42.27.49
775,Kat,Peebles,kpeeblesli@ning.com,Female,13.97.124.78
776,Lexi,Chumley,lchumleylj@hostgator.com,Female,73.237.5.75
,Dix,Teggart,,Female,153.230.35.91
778,Tiffanie,Tawse,ttawsell@china.com.cn,Female,45.164.166.184
779,Bryan,Howsego,bhowsegolm@xinhuanet.com,Male,127.85.36.186
780,Devon,Jerrans,djerransln@tuttocitta.it,Female,12.210.119.238
781,Herta,Dobbs,hdobbslo@mysql.com,Female,240.83.67.169
,Giacopo,Machans,,Male,196.3.28.60
783,Jeffry,Merrigan,jmerriganlq@engadget.com,Male,137.222.104.60
784,Vinita,Rawls,vrawlslr@jiathis.com,Female,44.136.173.163
785,Gladys,Piscot,gpiscotls@surveymonkey.com,Female,239.63.45.54
786,Dorolisa,Grishmanov,dgrishmanovlt@yale.edu,Female,204.236.221.118
787,Melisandra,Adamo,madamolu@phpbb.com,Female,91.133.78.9
788,Noni,Geratasch,ngerataschlv@biblegateway.com,Female,115.66.90.162
789,Grady,Creebo,gcreebolw@eventbrite.com,Male,199.226.80.124
790,Cazzie,Kenright,ckenrightlx@bluehost.com,Male,143.64.193.194
,Dyanna,Locarno,,Female,123.10.114.129
792,Scott,Simpole,ssimpolelz@topsy.com,Male,241.40.23.121
,Alistair,Saywell,,Male,195.217.103.3
794,Tiffanie,Simek,tsimekm1@livejournal.com,Female,34.149.143.44
795,Bunni,Kensy,bkensym2@columbia.edu,Female,170.99.152.34
796,Fran,Dudderidge,fdudderidgem3@acquirethisname.com,Female,14.36.150.153
,Casi,Stonnell,,Female,249.207.212.211
798,Wenona,Ibbott,wibbottm5@prlog.org,Female,41.171.68.193
799,Corri,Lathaye,clathayem6@cloudflare.com,Female,238.128.33.101
,Rosy,Le Clercq,,Female,24.95.156.87
,Kippy,Glisenan,,Male,55.81.243.209
802,Rori,Micheu,rmicheum9@ftc.gov,Female,148.59.222.2
803,Pamela,Stickles,psticklesma@w3.org,Female,16.21.191.170
804,Nate,Calveley,ncalveleymb@shutterfly.com,Male,5.54.248.39
805,Bat,Maccari,bmaccarimc@nba.com,Male,150.224.107.231
806,Marguerite,Curson,mcursonmd@prlog.org,Female,234.125.117.146
807,Marmaduke,Campos,mcamposme@i2i.jp,Male,130.12.65.186
808,Jerry,Wooster,jwoostermf@cornell.edu,Male,209.73.206.89
809,Diane,Kiossel,dkiosselmg@va.gov,Female,126.116.70.155
810,Jeffie,Kitt,jkittmh@who.int,Male,15.110.132.33
811,Sissy,Ditchfield,sditchfieldmi@baidu.com,Female,225.170.142.37
812,Alfonso,Goldsworthy,agoldsworthymj@godaddy.com,Male,193.0.60.217
,Vania,Wrassell,,Female,50.209.34.232
814,Carree,Barltrop,cbarltropml@artisteer.com,Female,98.232.48.41
815,Kermie,Hardey,khardeymm@va.gov,Male,185.208.217.102
816,Shawna,Lies,sliesmn@cmu.edu,Female,197.61.253.234
817,Annie,Shakesbye,ashakesbyemo@noaa.gov,Female,45.103.161.245
818,Duky,Dunham,ddunhammp@zdnet.com,Male,166.201.36.161
819,Niels,Goody,ngoodymq@delicious.com,Male,230.97.128.51
820,Ogdan,Limeburner,olimeburnermr@flavors.me,Male,184.171.36.175
821,Myranda,Demangel,mdemangelms@issuu.com,Female,73.78.112.201
822,Bobina,Wagstaffe,bwagstaffemt@mit.edu,Female,187.214.133.198
823,Klement,Knightsbridge,kknightsbridgemu@adobe.com,Male,51.68.247.201
824,Dael,Carruth,dcarruthmv@sphinn.com,Female,203.101.218.55
825,Oona,Rickaby,orickabymw@nationalgeographic.com,Female,214.25.136.76
826,Franzen,Hansel,fhanselmx@1688.com,Male,71.179.106.176
827,Korey,Waddie,kwaddiemy@uiuc.edu,Male,193.26.20.223
828,Valentine,Braikenridge,vbraikenridgemz@tmall.com,Male,177.248.240.87
829,Josie,Drage,jdragen0@123-reg.co.uk,Female,123.228.68.36
830,Friedrick,Bryde,fbryden1@archive.org,Male,135.146.233.141
831,Nola,Sate,nsaten2@yellowbook.com,Female,11.133.25.99
832,Aubrette,Everwin,aeverwinn3@altervista.org,Female,48.225.178.83
833,Shell,Leneve,sleneven4@vk.com,Female,73.0.116.202
834,Evelin,Itzkovwich,eitzkovwichn5@ask.com,Male,69.93.230.107
835,Rikki,Sage,rsagen6@dedecms.com,Male,200.222.252.191
836,Jarred,Coard,jcoardn7@time.com,Male,61.91.157.114
837,Solomon,Kirkbright,skirkbrightn8@soundcloud.com,Male,56.89.39.192
838,Raimund,Swidenbank,rswidenbankn9@pcworld.com,Male,171.114.17.44
839,Isaiah,Sussex,isussexna@tinyurl.com,Male,92.251.85.81
840,Mikel,McFeat,mmcfeatnb@seesaa.net,Male,221.102.88.42
841,Ker,Rigge,kriggenc@taobao.com,Male,124.198.15.106
842,Onofredo,Daltry,odaltrynd@opensource.org,Male,23.247.40.7
843,Templeton,Osbiston,tosbistonne@theglobeandmail.com,Male,125.53.243.120
844,Angie,Edmundson,aedmundsonnf@baidu.com,Female,147.223.241.139
845,Audrye,Dagger,adaggerng@mozilla.org,Female,233.239.117.215
846,Jared,Elphinston,jelphinstonnh@bizjournals.com,Male,211.216.249.105
847,Lise,Fullylove,lfullyloveni@amazon.co.jp,Female,2.191.93.60
848,Kirsten,Sarll,ksarllnj@comsenz.com,Female,31.47.29.13
849,Julia,Bannon,jbannonnk@yellowpages.com,Female,247.28.38.151
850,Xever,Fitzhenry,xfitzhenrynl@noaa.gov,Male,181.83.78.92
851,Nancey,Kingham,nkinghamnm@adobe.com,Female,208.117.238.79
852,Frankie,Crucetti,fcrucettinn@oracle.com,Male,198.121.83.100
853,Ari,Whistlecraft,awhistlecraftno@prlog.org,Male,140.150.3.241
854,Dorothy,Thickens,dthickensnp@123-reg.co.uk,Female,110.19.53.49
855,Alexis,Tabourin,atabourinnq@youtu.be,Male,62.0.97.55
856,Charley,Bezemer,cbezemernr@whitehouse.gov,Male,85.205.18.48
857,Phineas,Aleksahkin,paleksahkinns@goo.ne.jp,Male,237.228.97.240
858,Felizio,Hellicar,fhellicarnt@umich.edu,Male,188.115.91.99
859,Byran,Wilfling,bwilflingnu@tuttocitta.it,Male,118.46.77.70
860,Gaye,Webbe,gwebbenv@desdev.cn,Female,47.239.15.118
861,Maren,Schoolcroft,mschoolcroftnw@seattletimes.com,Female,19.125.96.12
862,Aldric,Byk,abyknx@adobe.com,Male,195.224.227.118
,Clifford,Treske,,Male,224.18.119.25
864,Lorette,Cheavin,lcheavinnz@go.com,Female,7.203.92.174
865,Melvyn,Phelip,mphelipo0@hexun.com,Male,252.223.99.103
866,Juan,Copas,jcopaso1@blogspot.com,Male,195.203.53.80
867,Filmore,de Keyser,fdekeysero2@i2i.jp,Male,11.132.73.227
868,Tine,Menichi,tmenichio3@mozilla.org,Female,70.47.41.7
869,Marlena,Burris,mburriso4@bravesites.com,Female,93.70.248.38
870,Ola,Creamen,ocreameno5@typepad.com,Female,159.199.14.67
871,Sandor,Mendez,smendezo6@mail.ru,Male,56.196.140.173
872,Edgardo,Gover,egovero7@foxnews.com,Male,241.124.100.202
873,Isobel,Conner,iconnero8@cam.ac.uk,Female,213.198.61.75
874,Vivyan,Halmkin,vhalmkino9@salon.com,Female,245.138.252.224
,Blisse,Guisby,,Female,249.15.78.182
876,Jayne,Heineking,jheinekingob@reddit.com,Female,133.108.126.168
877,Chucho,Commin,ccomminoc@yahoo.com,Male,58.108.237.105
878,Major,Mioni,mmioniod@discovery.com,Male,4.226.153.156
879,Gerrard,Piper,gpiperoe@forbes.com,Male,197.105.22.24
,Esra,Credland,,Male,209.216.223.186
881,Ada,Laroze,alarozeog@bbc.co.uk,Female,7.57.181.26
882,Lynea,Tootal,ltootaloh@bloglines.com,Female,69.47.6.196
883,Jocelyn,Elies,jeliesoi@bravesites.com,Female,41.235.135.201
884,Stefanie,Eccleshall,seccleshalloj@howstuffworks.com,Female,131.111.206.218
885,Bartolemo,Cattow,bcattowok@cornell.edu,Male,85.240.57.178
886,Bertrand,Ivanilov,bivanilovol@marketwatch.com,Male,34.127.108.78
887,Willow,Harrison,wharrisonom@diigo.com,Female,0.65.211.182
888,Gale,Ouver,gouveron@linkedin.com,Male,121.223.124.50
889,Claretta,Tomadoni,ctomadonioo@sogou.com,Female,162.81.53.42
890,Georgeanna,Halliburton,ghalliburtonop@gravatar.com,Female,4.169.127.42
891,Benita,Jacobsson,bjacobssonoq@bbb.org,Female,74.60.188.144
892,Dino,McPeake,dmcpeakeor@redcross.org,Male,225.63.30.56
,Llewellyn,Bulpitt,,Male,255.212.85.194
894,Stanfield,Lorenzini,slorenziniot@un.org,Male,98.240.4.234
895,Ardis,Brahams,abrahamsou@buzzfeed.com,Female,180.246.220.158
896,Gearalt,Ditchett,gditchettov@opera.com,Male,46.186.23.239
897,Cybil,Pattemore,cpattemoreow@omniture.com,Female,97.135.142.113
898,Deena,Brixey,dbrixeyox@tiny.cc,Female,16.85.82.41
899,Seamus,MacKerley,smackerleyoy@accuweather.com,Male,136.120.152.18
900,Isidore,Cerith,icerithoz@histats.com,Male,10.149.103.27
901,Paige,Grzegorzewski,pgrzegorzewskip0@reuters.com,Male,96.239.255.179
902,Tye,MacRinn,tmacrinnp1@jigsy.com,Male,106.244.83.91
903,Kikelia,Handscomb,khandscombp2@tiny.cc,Female,110.22.110.180
904,Domini,Blaine,dblainep3@flickr.com,Female,36.206.106.146
905,Brendin,Treadwell,btreadwellp4@posterous.com,Male,53.154.57.228
906,Morgan,Lupson,mlupsonp5@acquirethisname.com,Female,241.197.35.205
907,Don,Moger,dmogerp6@opensource.org,Male,88.83.112.186
908,Gilles,Date,gdatep7@istockphoto.com,Male,17.110.85.46
909,Cash,Leaves,cleavesp8@unesco.org,Male,211.181.112.187
910,Isa,Morteo,imorteop9@wordpress.com,Male,254.25.86.87
911,Phillis,Mushet,pmushetpa@home.pl,Female,46.230.18.77
912,Gill,Grundon,ggrundonpb@phpbb.com,Male,241.195.34.32
913,Dudley,Slides,dslidespc@webeden.co.uk,Male,235.15.55.183
914,Jemima,Snedden,jsneddenpd@youku.com,Female,49.174.161.180
915,Julia,Rolfo,jrolfope@tinyurl.com,Female,135.149.29.234
916,Lexis,Tatterton,ltattertonpf@boston.com,Female,220.179.119.15
917,Giuseppe,Larchier,glarchierpg@yahoo.com,Male,242.52.177.94
918,Lothario,Leban,llebanph@sbwire.com,Male,123.148.151.120
919,Tedie,Pickton,tpicktonpi@wsj.com,Male,89.211.80.203
920,Caron,Martellini,cmartellinipj@hud.gov,Female,165.149.106.68
921,Marilyn,Fishbie,mfishbiepk@about.me,Female,197.143.242.96
,Salem,McKerron,,Male,202.91.97.191
923,Corene,Trusty,ctrustypm@umich.edu,Female,37.17.100.97
924,Midge,Ackermann,mackermannpn@wikipedia.org,Female,82.126.88.101
925,Nicola,Bazelle,nbazellepo@blogtalkradio.com,Male,38.234.82.89
926,Shandra,Oels,soelspp@purevolume.com,Female,23.219.187.4
927,Maitilde,Plesing,mplesingpq@go.com,Female,195.204.202.5
928,Bev,Lindsey,blindseypr@yale.edu,Male,74.34.107.218
929,Brand,Jaray,bjarayps@state.tx.us,Male,50.64.122.121
930,Adolphe,Pennings,apenningspt@trellian.com,Male,242.205.140.166
931,Darren,Starte,dstartepu@tiny.cc,Male,152.99.86.139
932,Edd,Alexander,ealexanderpv@wisc.edu,Male,171.249.12.173
933,Casey,Hockell,chockellpw@cargocollective.com,Male,45.255.205.3
934,Essy,Aguilar,eaguilarpx@livejournal.com,Female,3.102.8.152
935,Alex,Hentzeler,ahentzelerpy@yellowpages.com,Female,48.23.56.165
936,Hector,Siddell,hsiddellpz@google.ru,Male,58.199.31.231
937,Donal,Bakey,dbakeyq0@ask.com,Male,206.41.181.165
938,Violette,Littledike,vlittledikeq1@gnu.org,Female,39.213.151.1
939,Gustav,Plain,gplainq2@sogou.com,Male,16.85.212.11
940,Gabe,Sothcott,gsothcottq3@sogou.com,Male,136.112.152.235
941,Odessa,Cunio,ocunioq4@wikispaces.com,Female,81.253.86.28
942,Vivianne,Dawkes,vdawkesq5@si.edu,Female,20.208.169.254
943,Agnese,Chaston,achastonq6@shinystat.com,Female,150.150.47.18
944,Carmella,Polley,cpolleyq7@linkedin.com,Female,109.45.104.84
945,Ludwig,Dooman,ldoomanq8@usda.gov,Male,156.137.140.73
946,Joanie,Jahnig,jjahnigq9@google.com.br,Female,146.10.203.56
947,Delmer,Couves,dcouvesqa@people.com.cn,Male,16.95.254.170
948,Dill,Tolhurst,dtolhurstqb@hubpages.com,Male,84.0.132.142
949,Florance,Swatman,fswatmanqc@imageshack.us,Female,63.7.246.189
950,Lorraine,Silverstone,lsilverstoneqd@google.ca,Female,138.225.190.255
951,Remington,Abrahamian,rabrahamianqe@adobe.com,Male,37.241.1.223
952,Wilfred,Maccaddie,wmaccaddieqf@nymag.com,Male,230.110.232.255
953,Lucho,Irdale,lirdaleqg@discuz.net,Male,18.16.58.226
954,Herculie,Boughey,hbougheyqh@merriam-webster.com,Male,73.124.227.252
955,Brandi,Meecher,bmeecherqi@list-manage.com,Female,127.100.20.107
956,Rosella,Sussans,rsussansqj@usatoday.com,Female,124.107.18.129
957,Henrik,Oldaker,holdakerqk@tripod.com,Male,96.50.25.221
958,Xerxes,Talby,xtalbyql@techcrunch.com,Male,135.67.104.183
959,Maury,Leggat,mleggatqm@cloudflare.com,Male,113.104.122.52
960,Merl,Patmore,mpatmoreqn@bandcamp.com,Female,200.35.213.250
961,Melania,Berget,mbergetqo@nih.gov,Female,156.24.228.207
962,Tannie,MacNeish,tmacneishqp@godaddy.com,Male,183.173.185.91
963,Ethyl,Wearn,ewearnqq@feedburner.com,Female,86.246.22.221
964,Maddi,Jans,mjansqr@earthlink.net,Female,125.110.171.153
965,Idette,O'Scannill,ioscannillqs@ibm.com,Female,231.157.166.107
966,Thorin,Keepin,tkeepinqt@51.la,Male,166.63.253.38
967,Nickey,Shirland,nshirlandqu@redcross.org,Male,9.48.186.223
968,Desdemona,Germann,dgermannqv@europa.eu,Female,155.52.59.71
969,Alic,Jime,ajimeqw@wordpress.com,Male,35.231.163.126
970,Prudy,Crosi,pcrosiqx@livejournal.com,Female,22.254.70.220
971,Seka,Domelow,sdomelowqy@moonfruit.com,Female,51.134.10.147
972,Jeth,Newarte,jnewarteqz@hp.com,Male,37.177.69.122
973,Basile,Crocumbe,bcrocumber0@businessinsider.com,Male,221.158.81.129
974,Felice,Corps,fcorpsr1@newsvine.com,Male,243.224.37.32
975,Joellen,Crossland,jcrosslandr2@booking.com,Female,247.142.79.150
976,Dimitri,Hincks,dhincksr3@prweb.com,Male,119.234.102.56
977,Joseph,Clixby,jclixbyr4@shop-pro.jp,Male,250.190.110.241
978,Gray,Beel,gbeelr5@linkedin.com,Male,117.214.163.212
979,Mandi,Matts,mmattsr6@dropbox.com,Female,145.144.62.252
980,Emmott,Northwood,enorthwoodr7@yolasite.com,Male,160.188.34.20
981,Miran,Laying,mlayingr8@cmu.edu,Female,205.145.163.64
982,Janine,Tonbye,jtonbyer9@vimeo.com,Female,146.76.68.148
983,Terry,Huburn,thuburnra@intel.com,Female,0.74.158.167
984,Bjorn,Corneille,bcorneillerb@google.ca,Male,122.62.147.183
985,Dolores,Gindghill,dgindghillrc@vkontakte.ru,Female,108.96.128.215
986,Mano,Land,mlandrd@slideshare.net,Male,204.223.51.49
987,Anissa,Blaschke,ablaschkere@ucoz.ru,Female,135.98.103.14
988,Kin,Roizin,kroizinrf@google.com,Male,111.68.212.194
989,Pacorro,Flea,pflearg@craigslist.org,Male,81.254.137.130
990,Eadie,Vanichev,evanichevrh@addthis.com,Female,112.179.118.37
991,Davin,Ayer,dayerri@barnesandnoble.com,,88.138.125.228
992,Julienne,Hearnes,jhearnesrj@bandcamp.com,Female,101.220.36.164
993,Durand,Crick,dcrickrk@multiply.com,Male,56.172.43.44
994,Petronilla,Durtnal,pdurtnalrl@amazonaws.com,Female,137.38.236.177
995,Melisandra,Bergin,mberginrm@reverbnation.com,Female,185.53.120.67
996,Wyndham,Puden,wpudenrn@miitbeian.gov.cn,Male,15.43.253.218
,Mack,Poser,,Male,72.122.182.45
,Haleigh,Reddyhoff,,Male,108.90.233.235
999,Johnna,Upjohn,jupjohnrq@smugmug.com,Female,141.52.29.54
1000,Sunny,Coning,sconingrr@aboutads.info,Male,253.144.121.182
